year,race,driver,team,quali_position,quali_time_sec,delta_to_pole,avg_race_pace,median_race_pace,stint_count,pit_stops,final_position,fp2_avg_pace,fp2_med_pace,fp2_laps,sprint_avg_pace,sprint_med_pace,sprint_laps,pace_fp2sprint_avg,pace_fp2sprint_med,pace_fp2sprint_laps,quali_normalized,pace_ratio,pace_fp2sprint_ratio,race_variability
2024,Pre-Season Testing,NOR,McLaren,1.0,89.525,0.0,97.6221129032258,96.9075,2.0,1,1,94.2785,94.3735,6.0,96.9850833325,96.95150000000001,18.0,94.2785,94.3735,6.0,0.05,1.0073741754067105,0.998993361483891,0.007374175406710511
2024,Pre-Season Testing,VER,Red Bull Racing,2.0,89.728,0.2029999999999887,97.95993548387096,97.256,2.0,1,2,92.87225,92.818,4.0,96.9850833325,96.95150000000001,18.0,92.87225,92.818,4.0,0.1,1.0072379645869762,1.0005844771488288,0.00723796458697627
2024,Pre-Season Testing,HAM,Mercedes,3.0,89.841,0.3159999999999883,98.99708064516128,98.3415,2.0,1,6,94.0644,93.9,5.0,96.9850833325,96.95150000000001,18.0,94.0644,93.9,5.0,0.15,1.0066663681676737,1.0017507987220446,0.006666368167673664
2024,Pre-Season Testing,RUS,Mercedes,4.0,89.867,0.3419999999999987,98.60662903225808,98.1765,2.0,1,4,92.75625,92.708,4.0,96.9850833325,96.95150000000001,18.0,92.75625,92.708,4.0,0.2,1.0043811811610526,1.0005204513094879,0.004381181161052591
2024,Pre-Season Testing,PIA,McLaren,5.0,89.953,0.4279999999999972,98.29667741935482,98.1695,2.0,1,3,92.929,93.1,4.0,96.9850833325,96.95150000000001,18.0,92.929,93.1,4.0,0.25,1.0012954881032787,0.9981632653061225,0.0012954881032787426
2024,Pre-Season Testing,HUL,Haas F1 Team,6.0,90.115,0.5899999999999892,99.27395081967214,98.649,2.0,1,9,92.9795,93.0215,4.0,96.9850833325,96.95150000000001,18.0,92.9795,93.0215,4.0,0.3,1.006335095334693,0.9995484914777766,0.006335095334693068
2024,Pre-Season Testing,ALO,Aston Martin,7.0,90.214,0.688999999999993,99.2367868852459,98.573,2.0,1,8,92.8038,92.966,5.0,96.9850833325,96.95150000000001,18.0,92.8038,92.966,5.0,0.35,1.0067339624972955,0.9982552761224533,0.006733962497295529
2024,Pre-Season Testing,TSU,RB,8.0,90.354,0.8289999999999935,99.36660655737704,99.034,2.0,1,12,93.3004,92.582,5.0,96.9850833325,96.95150000000001,18.0,93.3004,92.582,5.0,0.4,1.0033585087684738,1.0077596076991209,0.0033585087684737925
2024,Pre-Season Testing,LEC,Ferrari,9.0,89.747,0.2219999999999942,98.62904838709676,98.658,2.0,1,5,91.7358,91.665,5.0,96.9850833325,96.95150000000001,18.0,91.7358,91.665,5.0,0.45,0.9997065457144556,1.000772377679594,0.0002934542855444273
2024,Pre-Season Testing,SAI,Ferrari,10.0,90.108,0.5829999999999984,99.17112903225808,98.5165,2.0,1,7,93.190666666,92.6625,6.0,96.9850833325,96.95150000000001,18.0,93.190666666,92.6625,6.0,0.5,1.0066448669233894,1.005699896570889,0.00664486692338934
2024,Pre-Season Testing,ALB,Williams,11.0,90.474,0.948999999999998,104.04686666666666,99.762,2.0,1,20,92.4668,92.238,5.0,96.9850833325,96.95150000000001,18.0,92.4668,92.238,5.0,0.55,1.0429508897843534,1.0024805394739695,0.04295088978435335
2024,Pre-Season Testing,COL,Williams,12.0,90.481,0.9559999999999887,99.3254918032787,98.833,2.0,1,11,94.343666666,93.729,6.0,96.9850833325,96.95150000000001,18.0,94.343666666,93.729,6.0,0.6,1.0049830704651148,1.0065579134099372,0.004983070465114853
2024,Pre-Season Testing,PER,Red Bull Racing,13.0,90.579,1.0539999999999878,99.2982786885246,98.722,2.0,1,10,92.9296,93.266,5.0,96.9850833325,96.95150000000001,18.0,92.9296,93.266,5.0,0.65,1.0058373887129983,0.9963931121737823,0.005837388712998218
2024,Pre-Season Testing,MAG,Haas F1 Team,14.0,90.653,1.128,100.7365357142857,99.4385,3.0,2,19,92.8312,92.983,5.0,96.9850833325,96.95150000000001,18.0,92.8312,92.983,5.0,0.7,1.0130536534067358,0.9983674435111793,0.01305365340673571
2024,Pre-Season Testing,OCO,Alpine,15.0,90.769,1.2439999999999998,99.943868852459,99.245,2.0,1,13,93.405,93.953,5.0,96.9850833325,96.95150000000001,18.0,93.405,93.953,5.0,0.75,1.0070418545262634,0.9941672964141645,0.007041854526263291
2024,Pre-Season Testing,RIC,RB,16.0,91.085,1.559999999999988,100.69454098360656,99.251,4.0,3,18,92.717,92.652,3.0,96.9850833325,96.95150000000001,18.0,92.717,92.652,3.0,0.8,1.0145443469950586,1.0007015498855933,0.01454434699505852
2024,Pre-Season Testing,STR,Aston Martin,17.0,91.094,1.5689999999999884,100.00232786885245,99.511,2.0,1,14,93.101166666,93.478,6.0,96.9850833325,96.95150000000001,18.0,93.101166666,93.478,6.0,0.85,1.0049374226854564,0.9959687484327864,0.004937422685456396
2024,Pre-Season Testing,GAS,Alpine,18.0,91.312,1.786999999999992,100.19065573770492,99.498,2.0,1,17,93.2502,93.185,5.0,96.9850833325,96.95150000000001,18.0,93.2502,93.185,5.0,0.9,1.0069615041277704,1.000699683425444,0.006961504127770515
2024,Pre-Season Testing,BOT,Kick Sauber,19.0,91.572,2.046999999999997,100.1704918032787,99.859,2.0,1,16,94.8384,95.066,5.0,96.9850833325,96.95150000000001,18.0,94.8384,95.066,5.0,0.95,1.003119316268726,0.9976058738139818,0.0031193162687258922
2024,Pre-Season Testing,ZHO,Kick Sauber,20.0,92.054,2.5289999999999964,100.16050819672132,99.743,2.0,1,15,93.35225,93.3025,4.0,96.9850833325,96.95150000000001,18.0,93.35225,93.3025,4.0,1.0,1.0041858395749208,1.000533211864634,0.004185839574920834
2024,Bahrain Grand Prix,VER,Red Bull Racing,1.0,89.179,0.0,96.57442105263156,95.679,3.0,2,1,94.751111111,96.527,9.0,96.9850833325,96.95150000000001,18.0,94.751111111,96.527,9.0,0.05,1.0093585954350648,0.9816021539154848,0.009358595435064768
2024,Bahrain Grand Prix,LEC,Ferrari,2.0,89.407,0.2279999999999944,97.27036842105262,96.796,3.0,2,4,93.4254,91.578,5.0,96.9850833325,96.95150000000001,18.0,93.4254,91.578,5.0,0.1,1.0049007027258627,1.0201729673065583,0.004900702725862813
2024,Bahrain Grand Prix,RUS,Mercedes,3.0,89.485,0.3059999999999974,97.39526315789472,96.683,3.0,2,5,93.026333333,91.821,3.0,96.9850833325,96.95150000000001,18.0,93.026333333,91.821,3.0,0.15,1.0073669947963417,1.013126989828035,0.007366994796341763
2024,Bahrain Grand Prix,SAI,Ferrari,4.0,89.507,0.3280000000000029,97.01494736842103,96.22,3.0,2,3,91.356,91.576,3.0,96.9850833325,96.95150000000001,18.0,91.356,91.576,3.0,0.2,1.0082617685348267,0.9975976238315716,0.0082617685348268
2024,Bahrain Grand Prix,PER,Red Bull Racing,5.0,89.537,0.3580000000000041,96.96840350877191,96.249,3.0,2,2,93.7515,93.7875,6.0,96.9850833325,96.95150000000001,18.0,93.7515,93.7875,6.0,0.25,1.007474399825161,0.9996161535385846,0.007474399825160975
2024,Bahrain Grand Prix,ALO,Aston Martin,6.0,89.542,0.3629999999999995,97.88822807017542,97.265,3.0,2,9,91.209666666,91.035,3.0,96.9850833325,96.95150000000001,18.0,91.209666666,91.035,3.0,0.3,1.0064075265529782,1.0019186759597958,0.0064075265529781
2024,Bahrain Grand Prix,NOR,McLaren,7.0,89.614,0.4350000000000023,97.42456140350878,96.62,3.0,2,6,92.754,92.754,2.0,96.9850833325,96.95150000000001,18.0,92.754,92.754,2.0,0.35,1.0083270689661434,1.0,0.008327068966143355
2024,Bahrain Grand Prix,PIA,McLaren,8.0,89.683,0.5040000000000049,97.5583157894737,96.796,3.0,2,8,94.877,96.187,9.0,96.9850833325,96.95150000000001,18.0,94.877,96.187,9.0,0.4,1.0078754885478087,0.9863806959360413,0.007875488547808682
2024,Bahrain Grand Prix,HAM,Mercedes,9.0,89.71,0.5309999999999917,97.45729824561404,96.694,3.0,2,7,92.2995,91.0775,4.0,96.9850833325,96.95150000000001,18.0,92.2995,91.0775,4.0,0.45,1.0078939566634335,1.0134171447393703,0.007893956663433493
2024,Bahrain Grand Prix,HUL,Haas F1 Team,10.0,90.502,1.3229999999999933,98.61382142857144,96.947,4.0,3,16,91.699,92.074,3.0,96.9850833325,96.95150000000001,18.0,91.699,92.074,3.0,0.5,1.0171931202468507,0.9959271890001521,0.017193120246850737
2024,Bahrain Grand Prix,TSU,RB,11.0,90.129,0.9500000000000028,98.46828571428571,97.6885,3.0,2,14,92.8864,92.884,5.0,96.9850833325,96.95150000000001,18.0,92.8864,92.884,5.0,0.55,1.0079823696165435,1.0000258386805048,0.007982369616543486
2024,Bahrain Grand Prix,STR,Aston Martin,12.0,90.2,1.0210000000000008,98.2097894736842,97.175,3.0,2,10,91.6885,91.692,4.0,96.9850833325,96.95150000000001,18.0,91.6885,91.692,4.0,0.6,1.0106487211081472,0.9999618287309691,0.01064872110814715
2024,Bahrain Grand Prix,ALB,Williams,13.0,90.221,1.0420000000000016,98.51121428571427,97.943,3.0,2,15,91.84525,91.817,4.0,96.9850833325,96.95150000000001,18.0,91.84525,91.817,4.0,0.65,1.005801479286057,1.0003076772275288,0.005801479286056956
2024,Bahrain Grand Prix,RIC,RB,14.0,90.278,1.0990000000000038,98.45892857142856,97.8185,3.0,2,13,92.31775,92.281,4.0,96.9850833325,96.95150000000001,18.0,92.31775,92.281,4.0,0.7,1.0065471109394293,1.000398240157779,0.006547110939429226
2024,Bahrain Grand Prix,MAG,Haas F1 Team,15.0,90.529,1.3499999999999943,98.44746428571428,97.947,3.0,2,12,92.10925,91.9705,4.0,96.9850833325,96.95150000000001,18.0,92.10925,91.9705,4.0,0.75,1.0051095417492548,1.0015086359213008,0.00510954174925493
2024,Bahrain Grand Prix,BOT,Kick Sauber,16.0,90.756,1.5769999999999982,98.50374545454544,97.918,3.0,2,19,92.4245,92.385,4.0,96.9850833325,96.95150000000001,18.0,92.4245,92.385,4.0,0.8,1.0059819997808925,1.0004275585863505,0.005981999780892498
2024,Bahrain Grand Prix,ZHO,Kick Sauber,17.0,90.757,1.578000000000003,98.41966071428573,97.459,3.0,2,11,92.85825,92.6035,4.0,96.9850833325,96.95150000000001,18.0,92.85825,92.6035,4.0,0.85,1.0098570754295213,1.0027509759350348,0.009857075429521366
2024,Bahrain Grand Prix,SAR,Williams,18.0,90.77,1.590999999999994,99.32735185185184,97.781,4.0,3,20,92.889833333,92.3705,6.0,96.9850833325,96.95150000000001,18.0,92.889833333,92.3705,6.0,0.9,1.0158144409634984,1.0056222856106656,0.015814440963498412
2024,Bahrain Grand Prix,OCO,Alpine,19.0,90.793,1.6140000000000043,98.86057142857145,98.0845,3.0,2,17,92.663,92.674,4.0,96.9850833325,96.95150000000001,18.0,92.663,92.674,4.0,0.95,1.007912273892118,0.999881304357209,0.007912273892117933
2024,Bahrain Grand Prix,GAS,Alpine,20.0,90.948,1.7689999999999912,98.8778392857143,97.9085,4.0,3,18,92.30425,92.345,4.0,96.9850833325,96.95150000000001,18.0,92.30425,92.345,4.0,1.0,1.0099004609989357,0.9995587200173263,0.009900460998935722
2024,Saudi Arabian Grand Prix,VER,Red Bull Racing,1.0,87.472,0.0,93.60822916666666,92.8405,2.0,1,1,92.483357142,93.911,14.0,96.9850833325,96.95150000000001,18.0,92.483357142,93.911,14.0,0.05,1.0082693346833187,0.9847979165592955,0.008269334683318754
2024,Saudi Arabian Grand Prix,LEC,Ferrari,2.0,87.791,0.3190000000000026,94.10120833333332,93.3345,2.0,1,3,93.034833333,94.307,12.0,96.9850833325,96.95150000000001,18.0,93.034833333,94.307,12.0,0.1,1.0082146294599887,0.9865103686152671,0.008214629459988668
2024,Saudi Arabian Grand Prix,PER,Red Bull Racing,3.0,87.807,0.3350000000000079,93.86772916666666,92.9,2.0,1,2,93.65817647,94.318,17.0,96.9850833325,96.95150000000001,18.0,93.65817647,94.318,17.0,0.15,1.0104168909221385,0.9930042671600331,0.010416890922138402
2024,Saudi Arabian Grand Prix,ALO,Aston Martin,4.0,87.846,0.3740000000000094,94.55775,93.852,2.0,1,5,93.204615384,94.618,13.0,96.9850833325,96.95150000000001,18.0,93.204615384,94.618,13.0,0.2,1.0075198184375398,0.9850622015261367,0.0075198184375399
2024,Saudi Arabian Grand Prix,PIA,McLaren,5.0,88.089,0.6170000000000044,94.4689375,93.754,2.0,1,4,92.1695,92.705,8.0,96.9850833325,96.95150000000001,18.0,92.1695,92.705,8.0,0.25,1.007625674637882,0.9942236125343833,0.007625674637882017
2024,Saudi Arabian Grand Prix,NOR,McLaren,6.0,88.132,0.6600000000000108,94.85802083333334,93.745,2.0,1,8,92.739888888,94.179,9.0,96.9850833325,96.95150000000001,18.0,92.739888888,94.179,9.0,0.3,1.011872855441179,0.9847194054725575,0.011872855441179124
2024,Saudi Arabian Grand Prix,RUS,Mercedes,7.0,88.316,0.8440000000000083,94.7531875,93.926,2.0,1,6,92.050875,92.3945,8.0,96.9850833325,96.95150000000001,18.0,92.050875,92.3945,8.0,0.35,1.0088068000340693,0.9962808933432186,0.008806800034069306
2024,Saudi Arabian Grand Prix,HAM,Mercedes,8.0,88.46,0.9879999999999995,94.95504166666667,93.967,2.0,1,9,92.306142857,91.411,7.0,96.9850833325,96.95150000000001,18.0,92.306142857,91.411,7.0,0.4,1.0105147729167332,1.0097925069958757,0.010514772916733264
2024,Saudi Arabian Grand Prix,TSU,RB,9.0,88.547,1.0750000000000028,97.27591666666667,95.582,2.0,1,15,90.59325,90.801,4.0,96.9850833325,96.95150000000001,18.0,90.59325,90.801,4.0,0.45,1.017722130387172,0.9977120296031982,0.01772213038717207
2024,Saudi Arabian Grand Prix,STR,Aston Martin,10.0,88.572,1.1000000000000083,97.1216,95.79,1.0,0,19,91.952875,90.714,8.0,96.9850833325,96.95150000000001,18.0,91.952875,90.714,8.0,0.5,1.0139012423008664,1.0136569327777412,0.013901242300866421
2024,Saudi Arabian Grand Prix,BEA,Ferrari,11.0,88.642,1.1700000000000017,96.0482448979592,93.808,2.0,1,7,88.4846,88.666,5.0,96.9850833325,96.95150000000001,18.0,88.642,88.642,88.642,0.55,1.0238811710937146,1.0,0.023881171093714678
2024,Saudi Arabian Grand Prix,ALB,Williams,12.0,88.98,1.5080000000000098,96.97232653061224,95.441,2.0,1,11,93.250583333,94.565,12.0,96.9850833325,96.95150000000001,18.0,93.250583333,94.565,12.0,0.6,1.016044745241691,0.9861003894992861,0.016044745241691027
2024,Saudi Arabian Grand Prix,MAG,Haas F1 Team,13.0,89.02,1.5480000000000018,96.91802040816329,95.553,2.0,1,12,90.9335,90.539,4.0,96.9850833325,96.95150000000001,18.0,90.9335,90.539,4.0,0.65,1.0142854793482496,1.0043572383171893,0.014285479348249551
2024,Saudi Arabian Grand Prix,RIC,RB,14.0,89.025,1.5530000000000117,97.29741666666666,95.674,2.0,1,16,92.351,90.907,7.0,96.9850833325,96.95150000000001,18.0,92.351,90.907,7.0,0.7,1.0169682114959828,1.0158843653404028,0.016968211495982783
2024,Saudi Arabian Grand Prix,HUL,Haas F1 Team,15.0,89.055,1.5830000000000126,95.76462499999998,94.7145,2.0,1,10,91.8886,91.759,5.0,96.9850833325,96.95150000000001,18.0,91.8886,91.759,5.0,0.75,1.0110872675250355,1.0014123955143364,0.011087267525035555
2024,Saudi Arabian Grand Prix,BOT,Kick Sauber,16.0,89.179,1.7070000000000078,97.68866666666666,95.721,3.0,2,17,91.09075,90.945,4.0,96.9850833325,96.95150000000001,18.0,91.09075,90.945,4.0,0.8,1.0205562694358257,1.0016026169662984,0.020556269435825565
2024,Saudi Arabian Grand Prix,OCO,Alpine,17.0,89.475,2.003,97.31054166666668,95.434,2.0,1,13,91.682125,90.8515,8.0,96.9850833325,96.95150000000001,18.0,91.682125,90.8515,8.0,0.85,1.0196632402148782,1.009142666879468,0.01966324021487816
2024,Saudi Arabian Grand Prix,GAS,Alpine,18.0,89.479,2.007000000000005,121.453,121.453,1.0,0,20,90.982714285,90.68,7.0,96.9850833325,96.95150000000001,18.0,90.982714285,90.68,7.0,0.9,1.0,1.0033382695743271,0.0
2024,Saudi Arabian Grand Prix,SAR,Williams,19.0,89.526,2.054000000000002,97.349375,95.6215,2.0,1,14,90.462,90.442,4.0,96.9850833325,96.95150000000001,18.0,90.462,90.442,4.0,0.95,1.0180699424292654,1.0002211361977844,0.018069942429265358
2024,Saudi Arabian Grand Prix,ZHO,Kick Sauber,20.0,86.987,1.0050000000000097,98.04847916666664,95.116,2.0,1,18,92.292625,91.6315,8.0,96.9850833325,96.95150000000001,18.0,92.292625,91.6315,8.0,1.0,1.030830556022821,1.0072150406792424,0.030830556022820962
2024,Australian Grand Prix,VER,Red Bull Racing,1.0,75.915,0.0,84.89066666666668,84.099,1.0,0,19,78.3028,77.981,5.0,96.9850833325,96.95150000000001,18.0,78.3028,77.981,5.0,0.05,1.0094135086822278,1.0041266462343392,0.009413508682227748
2024,Australian Grand Prix,SAI,Ferrari,2.0,76.185,0.269999999999996,83.22143103448276,81.578,3.0,2,1,79.207333333,78.638,6.0,96.9850833325,96.95150000000001,18.0,79.207333333,78.638,6.0,0.1,1.0201455175964447,1.0072399264096237,0.02014551759644462
2024,Australian Grand Prix,PER,Red Bull Racing,3.0,76.274,0.3589999999999946,84.19227586206898,82.13900000000001,3.0,2,5,79.746375,79.1055,8.0,96.9850833325,96.95150000000001,18.0,79.746375,79.1055,8.0,0.15,1.0249975755983025,1.0081015226501318,0.024997575598302534
2024,Australian Grand Prix,NOR,McLaren,4.0,76.315,0.3999999999999915,83.32322413793102,81.803,3.0,2,3,78.444,78.201,3.0,96.9850833325,96.95150000000001,18.0,78.444,78.201,3.0,0.2,1.0185839655994404,1.0031073771435148,0.018583965599440408
2024,Australian Grand Prix,LEC,Ferrari,5.0,76.435,0.519999999999996,83.26222413793103,81.9085,3.0,2,2,78.848833333,78.1005,6.0,96.9850833325,96.95150000000001,18.0,78.848833333,78.1005,6.0,0.25,1.0165272729683859,1.0095816714745744,0.016527272968385753
2024,Australian Grand Prix,PIA,McLaren,6.0,76.572,0.6569999999999965,83.83815517241379,82.072,3.0,2,4,80.538555555,81.421,9.0,96.9850833325,96.95150000000001,18.0,80.538555555,81.421,9.0,0.3,1.0215195824692196,0.9891619552081158,0.02151958246921958
2024,Australian Grand Prix,RUS,Mercedes,7.0,76.724,0.8089999999999975,83.65596428571429,82.7065,3.0,2,17,78.8002,78.897,5.0,96.9850833325,96.95150000000001,18.0,78.8002,78.897,5.0,0.35,1.01147992341248,0.9987730838941912,0.011479923412480095
2024,Australian Grand Prix,TSU,RB,8.0,76.788,0.8729999999999905,84.86972413793104,83.03999999999999,3.0,2,7,79.1912,79.185,5.0,96.9850833325,96.95150000000001,18.0,79.1912,79.185,5.0,0.4,1.0220342502159327,1.0000782976573845,0.02203425021593271
2024,Australian Grand Prix,STR,Aston Martin,9.0,77.072,1.1569999999999965,84.82870689655172,83.061,3.0,2,6,79.382666666,79.0595,6.0,96.9850833325,96.95150000000001,18.0,79.382666666,79.0595,6.0,0.45,1.0212820324406366,1.004087638626604,0.02128203244063658
2024,Australian Grand Prix,ALO,Aston Martin,10.0,77.552,1.6370000000000005,84.61784482758623,82.7415,3.0,2,8,78.4574,78.127,5.0,96.9850833325,96.95150000000001,18.0,78.4574,78.127,5.0,0.5,1.0226771913439594,1.0042290117372996,0.02267719134395948
2024,Australian Grand Prix,HAM,Mercedes,11.0,76.96,1.0449999999999875,85.2284,83.436,2.0,1,18,79.3495,79.1285,4.0,96.9850833325,96.95150000000001,18.0,79.3495,79.1285,4.0,0.55,1.0214823337648016,1.0027929254314185,0.0214823337648016
2024,Australian Grand Prix,ALB,Williams,12.0,77.167,1.2519999999999951,84.76933333333334,83.066,3.0,2,11,88.4846,88.666,5.0,96.9850833325,96.95150000000001,18.0,77.167,77.167,77.167,0.6,1.0205057825504218,1.0,0.02050578255042175
2024,Australian Grand Prix,BOT,Kick Sauber,13.0,77.34,1.4249999999999972,85.42401754385963,82.976,3.0,2,14,79.8118,79.537,5.0,96.9850833325,96.95150000000001,18.0,79.8118,79.537,5.0,0.65,1.0295027181818794,1.0034549957881238,0.029502718181879516
2024,Australian Grand Prix,MAG,Haas F1 Team,14.0,77.427,1.5120000000000005,84.75305263157895,83.315,3.0,2,10,79.69075,79.5015,4.0,96.9850833325,96.95150000000001,18.0,79.69075,79.5015,4.0,0.7,1.0172604288732996,1.002380458230348,0.01726042887329959
2024,Australian Grand Prix,OCO,Alpine,15.0,77.697,1.7819999999999965,85.62845614035088,82.989,4.0,3,16,79.369571428,79.158,7.0,96.9850833325,96.95150000000001,18.0,79.369571428,79.158,7.0,0.75,1.0318048914958715,1.0026727737941838,0.031804891495871415
2024,Australian Grand Prix,HUL,Haas F1 Team,16.0,77.976,2.060999999999993,85.02406896551723,83.0565,3.0,2,9,79.51025,79.3375,4.0,96.9850833325,96.95150000000001,18.0,79.51025,79.3375,4.0,0.8,1.0236895241855513,1.0021774066488103,0.023689524185551168
2024,Australian Grand Prix,GAS,Alpine,17.0,77.982,2.066999999999993,85.31221052631581,83.245,3.0,2,13,79.26875,79.1085,8.0,96.9850833325,96.95150000000001,18.0,79.26875,79.1085,8.0,0.85,1.0248328491358736,1.0020256988819152,0.024832849135873677
2024,Australian Grand Prix,RIC,RB,18.0,78.085,2.1699999999999875,84.883350877193,83.105,3.0,2,12,79.1702,79.21,5.0,96.9850833325,96.95150000000001,18.0,79.1702,79.21,5.0,0.9,1.0213988433571144,0.9994975381896225,0.02139884335711439
2024,Australian Grand Prix,ZHO,Kick Sauber,19.0,78.188,2.272999999999996,85.45852631578947,83.196,3.0,3,15,79.503833333,79.552,6.0,96.9850833325,96.95150000000001,18.0,79.503833333,79.552,6.0,0.95,1.0271951333692662,0.9993945260081456,0.027195133369266218
2024,Japanese Grand Prix,VER,Red Bull Racing,1.0,88.197,0.0,97.6375098039216,96.437,4.0,3,1,88.4846,88.666,5.0,96.9850833325,96.95150000000001,18.0,88.197,88.197,88.197,0.05,1.0124486431963002,1.0,0.012448643196300228
2024,Japanese Grand Prix,PER,Red Bull Racing,2.0,88.263,0.0660000000000025,97.90370588235294,96.733,4.0,3,2,88.4846,88.666,5.0,96.9850833325,96.95150000000001,18.0,88.263,88.263,88.263,0.1,1.0121024457253773,1.0,0.012102445725377416
2024,Japanese Grand Prix,NOR,McLaren,3.0,88.489,0.2920000000000016,98.26139215686275,96.412,4.0,3,5,88.4846,88.666,5.0,96.9850833325,96.95150000000001,18.0,88.489,88.489,88.489,0.15,1.0191821781195571,1.0,0.019182178119557195
2024,Japanese Grand Prix,SAI,Ferrari,4.0,88.682,0.4849999999999994,98.135137254902,96.948,4.0,3,3,88.4846,88.666,5.0,96.9850833325,96.95150000000001,18.0,88.682,88.682,88.682,0.2,1.0122450927806868,1.0,0.012245092780686681
2024,Japanese Grand Prix,ALO,Aston Martin,5.0,88.686,0.4890000000000043,98.63931372549018,97.359,4.0,3,6,88.4846,88.666,5.0,96.9850833325,96.95150000000001,18.0,88.686,88.686,88.686,0.25,1.0131504403854825,1.0,0.013150440385482477
2024,Japanese Grand Prix,PIA,McLaren,6.0,88.76,0.5630000000000024,98.76094117647058,97.364,4.0,3,8,96.897333333,96.862,3.0,96.9850833325,96.95150000000001,18.0,96.897333333,96.862,3.0,0.3,1.014347614893293,1.0003647801304951,0.01434761489329297
2024,Japanese Grand Prix,HAM,Mercedes,7.0,88.766,0.5690000000000026,98.92286274509802,96.746,4.0,3,9,95.226,95.226,1.0,96.9850833325,96.95150000000001,18.0,95.226,95.226,1.0,0.35,1.0225008036001284,1.0,0.022500803600128384
2024,Japanese Grand Prix,LEC,Ferrari,8.0,88.786,0.5889999999999986,98.53758823529412,96.778,3.0,2,4,98.76,98.76,1.0,96.9850833325,96.95150000000001,18.0,98.76,98.76,1.0,0.4,1.0181816966179722,1.0,0.01818169661797224
2024,Japanese Grand Prix,RUS,Mercedes,9.0,89.008,0.8109999999999928,98.97890196078431,96.776,4.0,3,7,88.4846,88.666,5.0,96.9850833325,96.95150000000001,18.0,89.008,89.008,89.008,0.45,1.022762895354058,1.0,0.022762895354058
2024,Japanese Grand Prix,TSU,RB,10.0,89.413,1.215999999999994,100.2397,97.6215,4.0,3,10,100.946,100.946,1.0,96.9850833325,96.95150000000001,18.0,100.946,100.946,1.0,0.5,1.0268199115973429,1.0,0.026819911597342816
2024,Japanese Grand Prix,RIC,RB,11.0,89.472,1.2749999999999917,95.81198245614036,92.7505,1.0,0,19,88.4846,88.666,5.0,96.9850833325,96.95150000000001,18.0,89.472,89.472,89.472,0.55,1.0330077191620568,1.0,0.033007719162056845
2024,Japanese Grand Prix,HUL,Haas F1 Team,12.0,89.494,1.296999999999997,100.18244,98.699,4.0,3,11,88.4846,88.666,5.0,96.9850833325,96.95150000000001,18.0,89.494,89.494,89.494,0.6,1.015029939513065,1.0,0.015029939513064992
2024,Japanese Grand Prix,BOT,Kick Sauber,13.0,89.593,1.3960000000000008,101.44864705882354,98.253,4.0,3,14,88.4846,88.666,5.0,96.9850833325,96.95150000000001,18.0,89.593,89.593,89.593,0.65,1.0325246766900098,1.0,0.032524676690009864
2024,Japanese Grand Prix,ALB,Williams,14.0,89.714,1.516999999999996,95.81198245614036,92.7505,1.0,0,20,88.4846,88.666,5.0,96.9850833325,96.95150000000001,18.0,89.714,89.714,89.714,0.7,1.0330077191620568,1.0,0.033007719162056845
2024,Japanese Grand Prix,OCO,Alpine,15.0,89.816,1.6189999999999998,101.82566666666666,98.943,4.0,3,15,88.4846,88.666,5.0,96.9850833325,96.95150000000001,18.0,89.816,89.816,89.816,0.75,1.0291346195957942,1.0,0.0291346195957942
2024,Japanese Grand Prix,STR,Aston Martin,16.0,90.024,1.8269999999999984,101.29884313725492,98.057,5.0,4,12,88.4846,88.666,5.0,96.9850833325,96.95150000000001,18.0,90.024,90.024,90.024,0.8,1.0330608027703776,1.0,0.033060802770377616
2024,Japanese Grand Prix,GAS,Alpine,17.0,90.119,1.921999999999997,102.09619607843138,98.902,4.0,3,16,88.4846,88.666,5.0,96.9850833325,96.95150000000001,18.0,90.119,90.119,90.119,0.85,1.0322965772019916,1.0,0.03229657720199162
2024,Japanese Grand Prix,MAG,Haas F1 Team,18.0,90.131,1.9339999999999973,101.48870588235296,98.58,3.0,2,13,88.4846,88.666,5.0,96.9850833325,96.95150000000001,18.0,90.131,90.131,90.131,0.9,1.0295060446576685,1.0,0.02950604465766851
2024,Japanese Grand Prix,SAR,Williams,19.0,90.139,1.941999999999993,102.58435294117646,98.968,5.0,4,17,88.4846,88.666,5.0,96.9850833325,96.95150000000001,18.0,90.139,90.139,90.139,0.95,1.0365406286999481,1.0,0.03654062869994805
2024,Japanese Grand Prix,ZHO,Kick Sauber,20.0,90.143,1.945999999999998,115.40627272727274,101.117,4.0,3,18,88.4846,88.666,5.0,96.9850833325,96.95150000000001,18.0,90.143,90.143,90.143,1.0,1.14131424713226,1.0,0.14131424713225996
2024,Chinese Grand Prix,VER,Red Bull Racing,1.0,93.66,0.0,105.23545283018866,99.985,3.0,2,1,88.4846,88.666,5.0,101.15,101.2225,18.0,101.15,101.2225,18.0,0.05,1.052512405162661,0.9992837560818989,0.052512405162661036
2024,Chinese Grand Prix,PER,Red Bull Racing,2.0,93.982,0.3220000000000027,105.89950943396228,100.522,3.0,2,3,88.4846,88.666,5.0,101.935166666,101.9105,18.0,101.935166666,101.9105,18.0,0.1,1.0534958460233808,1.0002420424391991,0.05349584602338069
2024,Chinese Grand Prix,ALO,Aston Martin,3.0,94.148,0.4879999999999995,107.29964814814817,101.1785,4.0,3,7,88.4846,88.666,5.0,101.947285714,102.3115,14.0,101.947285714,102.3115,14.0,0.15,1.0604985065814196,0.9964401432292558,0.06049850658141963
2024,Chinese Grand Prix,NOR,McLaren,4.0,94.165,0.5050000000000097,107.44454545454543,101.656,2.0,1,2,88.4846,88.666,5.0,102.229888888,102.235,18.0,102.229888888,102.235,18.0,0.2,1.056942486961374,0.9999500062405243,0.056942486961373925
2024,Chinese Grand Prix,PIA,McLaren,5.0,94.273,0.6129999999999995,108.32136363636364,101.647,3.0,2,8,88.4846,88.666,5.0,102.326055555,102.537,18.0,102.326055555,102.537,18.0,0.25,1.0656621802548392,0.9979427480324174,0.06566218025483916
2024,Chinese Grand Prix,LEC,Ferrari,6.0,94.289,0.6290000000000049,106.02094339622644,101.812,2.0,1,4,88.4846,88.666,5.0,102.029722222,102.02,18.0,102.029722222,102.02,18.0,0.3,1.0413403468768558,1.0000952972162322,0.041340346876855824
2024,Chinese Grand Prix,SAI,Ferrari,7.0,94.297,0.6370000000000005,107.08585185185186,101.427,2.0,1,5,88.4846,88.666,5.0,102.275555555,102.366,18.0,102.275555555,102.366,18.0,0.35,1.0557923615196334,0.9991164601039407,0.05579236151963333
2024,Chinese Grand Prix,RUS,Mercedes,8.0,94.433,0.7730000000000103,107.98790909090908,101.4,3.0,2,6,88.4846,88.666,5.0,102.273833333,102.269,18.0,102.273833333,102.269,18.0,0.4,1.0649695176618252,1.0000472609784001,0.06496951766182524
2024,Chinese Grand Prix,HUL,Haas F1 Team,9.0,94.604,0.9440000000000026,108.4119090909091,101.998,3.0,2,10,88.4846,88.666,5.0,103.557111111,103.96,18.0,103.557111111,103.96,18.0,0.45,1.0628826946695926,0.9961245778280108,0.06288269466959255
2024,Chinese Grand Prix,BOT,Kick Sauber,10.0,94.665,1.0050000000000097,104.13263157894738,102.768,2.0,1,20,88.4846,88.666,5.0,102.998722222,102.977,18.0,102.998722222,102.977,18.0,0.5,1.0132787597204127,1.00021094246288,0.013278759720412791
2024,Chinese Grand Prix,STR,Aston Martin,11.0,94.838,1.1779999999999973,105.80332075471698,101.825,5.0,4,15,88.4846,88.666,5.0,103.011666666,103.101,18.0,103.011666666,103.101,18.0,0.55,1.039070176820201,0.9991335357174033,0.03907017682020108
2024,Chinese Grand Prix,RIC,RB,12.0,94.934,1.274000000000001,113.8971875,103.8205,2.0,1,18,88.4846,88.666,5.0,102.929944444,102.7385,18.0,102.929944444,102.7385,18.0,0.6,1.097058745623456,1.001863414825017,0.09705874562345593
2024,Chinese Grand Prix,OCO,Alpine,13.0,95.223,1.5630000000000024,109.20296428571427,102.1525,3.0,2,11,88.4846,88.666,5.0,102.959666666,102.9025,18.0,102.959666666,102.9025,18.0,0.65,1.0690190086949831,1.0005555420519423,0.06901900869498319
2024,Chinese Grand Prix,ALB,Williams,14.0,95.241,1.581000000000003,109.25107142857142,102.6865,3.0,2,12,88.4846,88.666,5.0,103.069277777,102.938,18.0,103.069277777,102.938,18.0,0.7,1.0639282810162136,1.001275309186112,0.06392828101621369
2024,Chinese Grand Prix,GAS,Alpine,15.0,95.463,1.8029999999999973,109.31744642857144,102.077,4.0,3,13,88.4846,88.666,5.0,102.9865,102.918,18.0,102.9865,102.918,18.0,0.75,1.0709312227883994,1.000665578421656,0.0709312227883994
2024,Chinese Grand Prix,ZHO,Kick Sauber,16.0,95.505,1.8449999999999989,108.57767272727271,102.746,4.0,3,14,88.4846,88.666,5.0,102.693777777,102.8115,18.0,102.693777777,102.8115,18.0,0.8,1.0567581485145185,0.998854970280562,0.056758148514518506
2024,Chinese Grand Prix,MAG,Haas F1 Team,17.0,95.516,1.8560000000000088,108.53634545454544,103.461,3.0,2,16,88.4846,88.666,5.0,102.963944444,102.8755,18.0,102.963944444,102.8755,18.0,0.85,1.0490556388836898,1.0008597231021963,0.04905563888368991
2024,Chinese Grand Prix,HAM,Mercedes,18.0,95.573,1.9129999999999967,109.11678571428573,102.0055,3.0,2,9,88.4846,88.666,5.0,101.968777777,102.3395,18.0,101.968777777,102.3395,18.0,0.9,1.0697147282674535,0.9963775255595346,0.06971472826745351
2024,Chinese Grand Prix,TSU,RB,19.0,95.746,2.0859999999999985,111.04673076923076,103.594,3.0,2,19,88.4846,88.666,5.0,103.019833333,102.989,18.0,103.019833333,102.989,18.0,0.95,1.0719417221965633,1.0002993847206982,0.07194172219656321
2024,Chinese Grand Prix,SAR,Williams,20.0,96.358,2.6980000000000075,109.60114285714285,102.84,3.0,3,17,88.4846,88.666,5.0,103.2175,103.095,18.0,103.2175,103.095,18.0,1.0,1.0657442907151191,1.0011882244531742,0.06574429071511904
2024,Miami Grand Prix,VER,Red Bull Racing,1.0,87.241,0.0,94.68669642857142,92.5225,2.0,1,2,88.4846,88.666,5.0,91.12025,91.0645,16.0,91.12025,91.0645,16.0,0.05,1.0233910284370984,1.0006122034382223,0.023391028437098324
2024,Miami Grand Prix,LEC,Ferrari,2.0,87.382,0.1410000000000053,94.78089285714285,92.3935,2.0,1,3,88.4846,88.666,5.0,91.286875,91.256,16.0,91.286875,91.256,16.0,0.1,1.0258394027409161,1.0003383339177698,0.025839402740916215
2024,Miami Grand Prix,SAI,Ferrari,3.0,87.455,0.2139999999999986,95.81198245614036,92.775,2.0,1,5,88.4846,88.666,5.0,91.9374375,91.8055,16.0,91.9374375,91.8055,16.0,0.15,1.0327349227285405,1.0014371415655925,0.03273492272854056
2024,Miami Grand Prix,PER,Red Bull Racing,4.0,87.46,0.2189999999999941,95.86887719298244,92.763,3.0,2,4,88.4846,88.666,5.0,91.336125,91.38,16.0,91.336125,91.38,16.0,0.2,1.0334818536806962,0.9995198621142481,0.033481853680696325
2024,Miami Grand Prix,NOR,McLaren,5.0,87.594,0.3529999999999944,94.52207142857142,92.1575,2.0,1,1,88.4846,88.666,5.0,96.9850833325,96.95150000000001,18.0,87.594,87.594,87.594,0.25,1.0256579380796074,1.0,0.025657938079607447
2024,Miami Grand Prix,PIA,McLaren,6.0,87.675,0.4339999999999975,95.52126785714285,92.838,3.0,2,13,88.4846,88.666,5.0,91.939625,91.787,16.0,91.939625,91.787,16.0,0.3,1.0289026891697672,1.0016628171745454,0.028902689169767248
2024,Miami Grand Prix,RUS,Mercedes,7.0,88.067,0.8259999999999934,96.22219298245612,93.562,2.0,1,8,88.4846,88.666,5.0,92.9534375,92.7815,16.0,92.9534375,92.7815,16.0,0.35,1.028432408268914,1.0018531442151724,0.028432408268913918
2024,Miami Grand Prix,HAM,Mercedes,8.0,88.107,0.8659999999999997,95.90282456140348,93.333,2.0,1,6,88.4846,88.666,5.0,92.699375,92.3815,16.0,92.699375,92.3815,16.0,0.4,1.0275339329219406,1.0034408945513982,0.027533932921940566
2024,Miami Grand Prix,HUL,Haas F1 Team,9.0,88.146,0.9050000000000012,96.32745614035088,93.561,3.0,2,11,88.4846,88.666,5.0,92.303625,92.2705,16.0,92.303625,92.2705,16.0,0.45,1.0295684755437722,1.0003589988132717,0.029568475543772173
2024,Miami Grand Prix,TSU,RB,10.0,88.192,0.9509999999999934,96.07124561403512,93.382,2.0,1,7,88.4846,88.666,5.0,92.704125,92.635,16.0,92.704125,92.635,16.0,0.5,1.028798329592803,1.0007462082366276,0.02879832959280285
2024,Miami Grand Prix,STR,Aston Martin,11.0,88.222,0.9809999999999944,96.40436842105264,93.711,3.0,2,17,88.4846,88.666,5.0,96.9850833325,96.95150000000001,18.0,88.222,88.222,88.222,0.55,1.028741219505209,1.0,0.028741219505208988
2024,Miami Grand Prix,GAS,Alpine,12.0,88.324,1.0829999999999984,96.40059649122809,93.614,2.0,1,12,88.4846,88.666,5.0,92.7998125,92.5375,16.0,92.7998125,92.5375,16.0,0.6,1.0297668777237174,1.002834661623666,0.02976687772371741
2024,Miami Grand Prix,OCO,Alpine,13.0,88.371,1.1299999999999957,96.30915789473684,93.867,2.0,1,10,88.4846,88.666,5.0,92.9731875,92.8485,16.0,92.9731875,92.8485,16.0,0.65,1.0260172147265476,1.0013429134557907,0.026017214726547534
2024,Miami Grand Prix,ALB,Williams,14.0,88.413,1.171999999999997,96.9467894736842,93.78,3.0,2,18,88.4846,88.666,5.0,92.908125,92.732,16.0,92.908125,92.732,16.0,0.7,1.0337682818691,1.001899290428331,0.03376828186910007
2024,Miami Grand Prix,ALO,Aston Martin,15.0,88.427,1.186000000000007,96.26285964912282,93.751,2.0,1,9,88.4846,88.666,5.0,92.977571428,92.8305,14.0,92.977571428,92.8305,14.0,0.75,1.0267928837998828,1.0015843007201297,0.026792883799882792
2024,Miami Grand Prix,BOT,Kick Sauber,16.0,88.463,1.2219999999999942,96.53038596491228,93.615,3.0,2,16,88.4846,88.666,5.0,92.98275,92.88,16.0,92.98275,92.88,16.0,0.8,1.0311422951974822,1.0011062661498709,0.03114229519748213
2024,Miami Grand Prix,SAR,Williams,17.0,88.487,1.2459999999999951,95.68666666666668,94.215,2.0,1,20,88.4846,88.666,5.0,92.9226875,92.7375,16.0,92.9226875,92.7375,16.0,0.85,1.0156203010843994,1.0019968998517321,0.01562030108439928
2024,Miami Grand Prix,RIC,RB,18.0,88.617,1.3760000000000048,96.50582456140351,93.982,2.0,1,15,88.4846,88.666,5.0,91.978375,91.8845,16.0,91.978375,91.8845,16.0,0.9,1.0268543397821233,1.001021663066132,0.026854339782123333
2024,Miami Grand Prix,MAG,Haas F1 Team,19.0,88.619,1.378,96.5712105263158,93.856,4.0,3,19,88.4846,88.666,5.0,92.8494375,92.452,16.0,92.8494375,92.452,16.0,0.95,1.028929535952052,1.0042988523774499,0.02892953595205209
2024,Miami Grand Prix,ZHO,Kick Sauber,20.0,88.824,1.5829999999999984,96.4886842105263,93.784,2.0,1,14,88.4846,88.666,5.0,92.937875,92.792,16.0,92.937875,92.792,16.0,1.0,1.0288395057848492,1.0015720644021038,0.028839505784849177
2024,Emilia Romagna Grand Prix,VER,Red Bull Racing,1.0,74.746,0.0,81.35320634920635,80.817,2.0,1,1,77.67925,76.832,4.0,96.9850833325,96.95150000000001,18.0,77.67925,76.832,4.0,0.05,1.0066348212530327,1.0110273063306956,0.006634821253032812
2024,Emilia Romagna Grand Prix,PIA,McLaren,2.0,74.82,0.073999999999998,81.57752380952381,80.982,2.0,1,4,79.748,80.453,15.0,96.9850833325,96.95150000000001,18.0,79.748,80.453,15.0,0.1,1.0073537799699168,0.9912371198090811,0.0073537799699169145
2024,Emilia Romagna Grand Prix,NOR,McLaren,3.0,74.837,0.0910000000000081,81.36471428571429,80.828,2.0,1,2,80.2851875,80.755,16.0,96.9850833325,96.95150000000001,18.0,80.2851875,80.755,16.0,0.15,1.0066402024758039,0.9941822487771657,0.006640202475803958
2024,Emilia Romagna Grand Prix,LEC,Ferrari,4.0,74.97,0.2240000000000037,81.47885714285715,80.928,2.0,1,3,78.869833333,80.1095,12.0,96.9850833325,96.95150000000001,18.0,78.869833333,80.1095,12.0,0.2,1.0068067559170764,0.9845253475929822,0.006806755917076343
2024,Emilia Romagna Grand Prix,SAI,Ferrari,5.0,75.233,0.487000000000009,81.70757142857144,81.236,2.0,1,5,79.525545454,80.898,11.0,96.9850833325,96.95150000000001,18.0,79.525545454,80.898,11.0,0.25,1.005804956282577,0.9830347530717694,0.005804956282577145
2024,Emilia Romagna Grand Prix,RUS,Mercedes,6.0,75.234,0.4879999999999995,82.10168253968256,81.267,3.0,2,7,78.808363636,78.102,11.0,96.9850833325,96.95150000000001,18.0,78.808363636,78.102,11.0,0.3,1.0102708668916358,1.0090441171288826,0.010270866891635729
2024,Emilia Romagna Grand Prix,TSU,RB,7.0,75.465,0.7190000000000083,82.95335483870969,82.336,2.0,1,10,77.668666666,77.1575,6.0,96.9850833325,96.95150000000001,18.0,77.668666666,77.1575,6.0,0.35,1.0074979940573952,1.0066249770404692,0.007497994057395152
2024,Emilia Romagna Grand Prix,HAM,Mercedes,8.0,75.504,0.7580000000000098,81.91041269841271,81.446,2.0,1,6,78.90425,79.0365,12.0,96.9850833325,96.95150000000001,18.0,78.90425,79.0365,12.0,0.4,1.0057020933920968,0.9983267224636718,0.005702093392096794
2024,Emilia Romagna Grand Prix,RIC,RB,9.0,75.674,0.9280000000000116,83.11150000000002,82.299,2.0,1,13,77.6252,77.708,5.0,96.9850833325,96.95150000000001,18.0,77.6252,77.708,5.0,0.45,1.0098725379409228,0.9989344726411696,0.009872537940922905
2024,Emilia Romagna Grand Prix,HUL,Haas F1 Team,10.0,75.98,1.2340000000000089,83.07304838709678,82.45750000000001,2.0,1,11,78.3264,78.141,5.0,96.9850833325,96.95150000000001,18.0,78.3264,78.141,5.0,0.5,1.0074650381966075,1.0023726340845396,0.0074650381966075334
2024,Emilia Romagna Grand Prix,PER,Red Bull Racing,11.0,75.706,0.960000000000008,82.22266666666667,81.97,2.0,1,8,78.8695,78.9735,6.0,96.9850833325,96.95150000000001,18.0,78.8695,78.9735,6.0,0.55,1.0030824285307633,0.9986831025597194,0.0030824285307633273
2024,Emilia Romagna Grand Prix,OCO,Alpine,12.0,75.906,1.1600000000000108,83.37353225806451,82.793,2.0,1,14,78.0078,78.328,5.0,96.9850833325,96.95150000000001,18.0,78.0078,78.328,5.0,0.6,1.0070118519447842,0.995912062097845,0.007011851944784079
2024,Emilia Romagna Grand Prix,STR,Aston Martin,13.0,75.992,1.246000000000009,82.616,82.415,2.0,1,9,78.175666666,77.6845,6.0,96.9850833325,96.95150000000001,18.0,78.175666666,77.6845,6.0,0.65,1.0024388764181278,1.0063225825743873,0.002438876418127688
2024,Emilia Romagna Grand Prix,ALB,Williams,14.0,76.2,1.4540000000000075,84.49361999999999,82.038,5.0,4,20,78.0175,77.869,4.0,96.9850833325,96.95150000000001,18.0,78.0175,77.869,4.0,0.7,1.0299327141080963,1.001907049018223,0.0299327141080962
2024,Emilia Romagna Grand Prix,GAS,Alpine,15.0,76.381,1.6350000000000051,83.46720967741933,82.429,3.0,2,16,78.707285714,78.001,7.0,96.9850833325,96.95150000000001,18.0,78.707285714,78.001,7.0,0.75,1.0125951992310878,1.009054828963731,0.01259519923108774
2024,Emilia Romagna Grand Prix,BOT,Kick Sauber,16.0,76.626,1.8800000000000097,83.5741129032258,82.7585,2.0,1,18,77.7654,78.107,5.0,96.9850833325,96.95150000000001,18.0,77.7654,78.107,5.0,0.8,1.0098553369530114,0.9956265123484451,0.009855336953011449
2024,Emilia Romagna Grand Prix,ZHO,Kick Sauber,17.0,76.834,2.088000000000008,83.39008064516129,82.973,2.0,1,15,78.470333333,78.6025,6.0,96.9850833325,96.95150000000001,18.0,78.470333333,78.6025,6.0,0.85,1.005026703206601,0.998318543723164,0.0050267032066008445
2024,Emilia Romagna Grand Prix,MAG,Haas F1 Team,18.0,76.854,2.108000000000004,83.09170967741936,82.854,2.0,1,12,79.208666666,79.7655,6.0,96.9850833325,96.95150000000001,18.0,79.208666666,79.7655,6.0,0.9,1.002869018724737,0.9930191206223241,0.0028690187247370114
2024,Emilia Romagna Grand Prix,ALO,Aston Martin,19.0,76.917,2.1710000000000065,83.87703225806452,82.7325,4.0,4,19,77.5794,77.66,5.0,96.9850833325,96.95150000000001,18.0,77.5794,77.66,5.0,0.95,1.0138341311826007,0.998962142673191,0.013834131182600736
2024,Emilia Romagna Grand Prix,SAR,Williams,20.0,86.987,1.0050000000000097,83.48875806451613,83.001,2.0,1,17,78.284,78.393,3.0,96.9850833325,96.95150000000001,18.0,78.284,78.393,3.0,1.0,1.0058765323853462,0.9986095697319914,0.005876532385346306
2024,Monaco Grand Prix,LEC,Ferrari,1.0,70.27,0.0,109.32074025974026,78.506,2.0,1,1,72.977454545,72.26,11.0,96.9850833325,96.95150000000001,18.0,72.977454545,72.26,11.0,0.05,1.392514460802235,1.0099287924854692,0.392514460802235
2024,Monaco Grand Prix,PIA,McLaren,2.0,70.424,0.1540000000000105,109.43609090909092,78.523,2.0,1,2,74.49776923,74.837,13.0,96.9850833325,96.95150000000001,18.0,74.49776923,74.837,13.0,0.1,1.393681990105968,0.9954670715020645,0.39368199010596805
2024,Monaco Grand Prix,SAI,Ferrari,3.0,70.518,0.2480000000000046,109.4866883116883,78.568,2.0,1,3,73.801384615,73.278,13.0,96.9850833325,96.95150000000001,18.0,73.801384615,73.278,13.0,0.15,1.3935277506324242,1.0071424522366876,0.3935277506324241
2024,Monaco Grand Prix,NOR,McLaren,4.0,70.542,0.2720000000000055,109.56542857142858,78.403,2.0,1,4,74.2619,73.964,10.0,96.9850833325,96.95150000000001,18.0,74.2619,73.964,10.0,0.2,1.3974647471579988,1.0040276350657076,0.39746474715799873
2024,Monaco Grand Prix,RUS,Mercedes,5.0,70.543,0.2730000000000103,109.69736363636362,78.651,2.0,1,5,73.501142857,73.249,7.0,96.9850833325,96.95150000000001,18.0,73.501142857,73.249,7.0,0.25,1.3947357775026843,1.0034422702972055,0.3947357775026843
2024,Monaco Grand Prix,VER,Red Bull Racing,6.0,70.567,0.296999999999997,109.7657662337662,78.574,3.0,2,6,74.566230769,75.147,13.0,96.9850833325,96.95150000000001,18.0,74.566230769,75.147,13.0,0.3,1.3969731238547891,0.9922715579996539,0.39697312385478917
2024,Monaco Grand Prix,HAM,Mercedes,7.0,70.621,0.3509999999999991,109.8396103896104,78.587,3.0,2,7,74.083875,73.6945,8.0,96.9850833325,96.95150000000001,18.0,74.083875,73.6945,8.0,0.35,1.3976816825888556,1.0052836371778084,0.3976816825888556
2024,Monaco Grand Prix,TSU,RB,8.0,70.858,0.5880000000000081,112.1433896103896,80.184,2.0,1,8,74.065727272,73.753,11.0,96.9850833325,96.95150000000001,18.0,74.065727272,73.753,11.0,0.4,1.3985756461437395,1.0042401973072281,0.3985756461437395
2024,Monaco Grand Prix,ALB,Williams,9.0,70.948,0.6779999999999973,112.33254545454548,80.245,2.0,1,9,74.403214285,74.4315,14.0,96.9850833325,96.95150000000001,18.0,74.403214285,74.4315,14.0,0.45,1.3998697171729761,0.9996199765556251,0.3998697171729762
2024,Monaco Grand Prix,GAS,Alpine,10.0,71.311,1.041000000000011,112.41292207792208,80.237,2.0,1,10,74.2689,74.1625,10.0,96.9850833325,96.95150000000001,18.0,74.2689,74.1625,10.0,0.5,1.401011030795295,1.0014346873419857,0.401011030795295
2024,Monaco Grand Prix,OCO,Alpine,11.0,71.285,1.0150000000000006,95.81198245614036,92.7505,1.0,0,17,73.937266666,73.687,15.0,96.9850833325,96.95150000000001,18.0,73.937266666,73.687,15.0,0.55,1.0330077191620568,1.0033963476054122,0.033007719162056845
2024,Monaco Grand Prix,RIC,RB,12.0,71.482,1.2120000000000033,113.15550000000002,80.8555,2.0,1,12,74.1918,74.1535,10.0,96.9850833325,96.95150000000001,18.0,74.1918,74.1535,10.0,0.6,1.3994780812684358,1.0005164961869637,0.39947808126843576
2024,Monaco Grand Prix,STR,Aston Martin,13.0,71.563,1.2930000000000064,113.17790789473683,80.047,4.0,3,14,73.013125,73.2665,8.0,96.9850833325,96.95150000000001,18.0,73.013125,73.2665,8.0,0.65,1.4138931864371787,0.99654173462633,0.41389318643717865
2024,Monaco Grand Prix,HUL,Haas F1 Team,14.0,71.44,1.1700000000000017,95.81198245614036,92.7505,1.0,0,19,74.488727272,74.815,11.0,96.9850833325,96.95150000000001,18.0,74.488727272,74.815,11.0,0.7,1.0330077191620568,0.9956389396778722,0.033007719162056845
2024,Monaco Grand Prix,ALO,Aston Martin,14.0,72.019,1.7490000000000094,113.15010526315788,80.6905,2.0,1,11,73.006,73.015,7.0,96.9850833325,96.95150000000001,18.0,73.006,73.015,7.0,0.7,1.4022729474121227,0.9998767376566459,0.40227294741212266
2024,Monaco Grand Prix,SAR,Williams,15.0,72.02,1.75,113.21815789473686,80.875,3.0,2,15,74.474,74.5905,10.0,96.9850833325,96.95150000000001,18.0,74.474,74.5905,10.0,0.75,1.3999153990075655,0.9984381389050884,0.3999153990075655
2024,Monaco Grand Prix,MAG,Haas F1 Team,15.0,71.725,1.4549999999999983,95.81198245614036,92.7505,1.0,0,20,74.42675,74.41,12.0,96.9850833325,96.95150000000001,18.0,74.42675,74.41,12.0,0.75,1.0330077191620568,1.0002251041526677,0.033007719162056845
2024,Monaco Grand Prix,PER,Red Bull Racing,16.0,72.06,1.7900000000000065,95.81198245614036,92.7505,1.0,0,18,74.480833333,74.956,12.0,96.9850833325,96.95150000000001,18.0,74.480833333,74.956,12.0,0.8,1.0330077191620568,0.9936607253989007,0.033007719162056845
2024,Monaco Grand Prix,BOT,Kick Sauber,17.0,72.512,2.2420000000000044,113.15844736842104,80.5435,3.0,2,13,74.123090909,73.748,11.0,96.9850833325,96.95150000000001,18.0,74.123090909,73.748,11.0,0.85,1.4049358094498134,1.0050861163556977,0.4049358094498134
2024,Monaco Grand Prix,ZHO,Kick Sauber,18.0,73.028,2.7580000000000098,113.82650000000002,80.9745,3.0,2,16,74.731,74.475,10.0,96.9850833325,96.95150000000001,18.0,74.731,74.475,10.0,0.9,1.4057079697929598,1.0034373950990265,0.4057079697929597
2024,Canadian Grand Prix,RUS,Mercedes,1.0,72.0,0.0,90.74634285714288,87.424,4.0,3,3,78.81,79.037,4.0,96.9850833325,96.95150000000001,18.0,78.81,79.037,4.0,0.05,1.0380026406609497,0.9971279274263952,0.03800264066094975
2024,Canadian Grand Prix,VER,Red Bull Racing,2.0,72.0,0.0,90.68467142857143,86.69149999999999,3.0,2,1,79.311,79.311,1.0,96.9850833325,96.95150000000001,18.0,79.311,79.311,1.0,0.1,1.0460618564515718,1.0,0.04606185645157188
2024,Canadian Grand Prix,NOR,McLaren,3.0,72.021,0.0210000000000007,90.7400857142857,86.4615,3.0,2,2,80.843,80.843,1.0,96.9850833325,96.95150000000001,18.0,80.843,80.843,1.0,0.15,1.0494854439754768,1.0,0.04948544397547691
2024,Canadian Grand Prix,PIA,McLaren,4.0,72.103,0.1029999999999944,90.83037142857144,86.588,3.0,2,5,79.899666666,79.885,3.0,96.9850833325,96.95150000000001,18.0,79.899666666,79.885,3.0,0.2,1.0489949118650557,1.0001835972460411,0.04899491186505573
2024,Canadian Grand Prix,RIC,RB,5.0,72.178,0.1779999999999972,91.09427142857145,88.11,3.0,2,8,78.503,78.074,3.0,96.9850833325,96.95150000000001,18.0,78.503,78.074,3.0,0.25,1.0338698380271416,1.0054947869969517,0.0338698380271416
2024,Canadian Grand Prix,ALO,Aston Martin,6.0,72.228,0.2279999999999944,90.93481428571428,87.509,3.0,2,6,78.3375,78.2485,6.0,96.9850833325,96.95150000000001,18.0,78.3375,78.2485,6.0,0.3,1.0391481365998272,1.0011374019949264,0.03914813659982724
2024,Canadian Grand Prix,HAM,Mercedes,7.0,72.28,0.2800000000000011,90.75488571428568,86.8965,4.0,3,4,78.9348,78.379,5.0,96.9850833325,96.95150000000001,18.0,78.9348,78.379,5.0,0.35,1.044402084252941,1.0070911851388764,0.04440208425294084
2024,Canadian Grand Prix,TSU,RB,8.0,72.414,0.4140000000000015,91.43744285714286,88.507,2.0,1,14,78.286333333,78.01,3.0,96.9850833325,96.95150000000001,18.0,78.286333333,78.01,3.0,0.4,1.0331097298195946,1.0035422808998846,0.033109729819594494
2024,Canadian Grand Prix,STR,Aston Martin,9.0,72.701,0.7009999999999934,91.0221714285714,87.6385,3.0,2,7,78.1716,78.21,5.0,96.9850833325,96.95150000000001,18.0,78.1716,78.21,5.0,0.45,1.0386094174200997,0.9995090141925586,0.038609417420099656
2024,Canadian Grand Prix,ALB,Williams,10.0,72.796,0.7960000000000065,92.09692307692308,89.1285,3.0,2,17,78.491,78.637,5.0,96.9850833325,96.95150000000001,18.0,78.491,78.637,5.0,0.5,1.0333049818736215,0.9981433676259267,0.0333049818736215
2024,Canadian Grand Prix,LEC,Ferrari,11.0,72.691,0.6910000000000025,96.0827,92.022,4.0,3,19,78.91,79.1805,4.0,96.9850833325,96.95150000000001,18.0,78.91,79.1805,4.0,0.55,1.044127491252092,0.9965837548386283,0.04412749125209186
2024,Canadian Grand Prix,SAI,Ferrari,12.0,72.728,0.7279999999999944,92.086,89.03399999999999,3.0,2,16,78.8655,78.8655,2.0,96.9850833325,96.95150000000001,18.0,78.8655,78.8655,2.0,0.6,1.0342790394680685,1.0,0.034279039468068456
2024,Canadian Grand Prix,SAR,Williams,13.0,72.736,0.7360000000000042,94.10952173913044,90.075,1.0,0,20,79.16275,79.068,4.0,96.9850833325,96.95150000000001,18.0,79.16275,79.068,4.0,0.65,1.0447906937455502,1.0011983356098548,0.04479069374555027
2024,Canadian Grand Prix,MAG,Haas F1 Team,14.0,72.916,0.9159999999999968,91.13114285714283,88.2355,5.0,4,12,78.5655,78.48,4.0,96.9850833325,96.95150000000001,18.0,78.5655,78.48,4.0,0.7,1.0328172091407974,1.0010894495412843,0.03281720914079743
2024,Canadian Grand Prix,GAS,Alpine,15.0,72.94,0.9399999999999976,91.11354285714285,88.444,3.0,2,9,80.789,80.789,1.0,96.9850833325,96.95150000000001,18.0,80.789,80.789,1.0,0.75,1.0301834251859125,1.0,0.030183425185912483
2024,Canadian Grand Prix,PER,Red Bull Racing,16.0,73.326,1.3259999999999934,92.368,89.598,3.0,2,18,77.8435,77.8435,2.0,96.9850833325,96.95150000000001,18.0,77.8435,77.8435,2.0,0.8,1.0309158686577824,1.0,0.030915868657782494
2024,Canadian Grand Prix,BOT,Kick Sauber,17.0,73.366,1.3659999999999997,91.26305714285716,88.801,2.0,2,13,78.651,78.651,2.0,96.9850833325,96.95150000000001,18.0,78.651,78.651,2.0,0.85,1.0277255565011336,1.0,0.02772555650113357
2024,Canadian Grand Prix,OCO,Alpine,18.0,73.435,1.4350000000000025,91.11771428571429,88.21000000000001,2.0,1,10,78.6224,78.279,5.0,96.9850833325,96.95150000000001,18.0,78.6224,78.279,5.0,0.9,1.0329635447876009,1.0043868725967373,0.03296354478760092
2024,Canadian Grand Prix,HUL,Haas F1 Team,19.0,73.978,1.9779999999999944,91.1250142857143,88.767,4.0,3,11,78.5705,78.5705,2.0,96.9850833325,96.95150000000001,18.0,78.5705,78.5705,2.0,0.95,1.0265640867181982,1.0,0.026564086718198255
2024,Canadian Grand Prix,ZHO,Kick Sauber,20.0,74.292,2.2920000000000016,92.77471014492754,89.176,4.0,4,15,79.087,79.087,1.0,96.9850833325,96.95150000000001,18.0,79.087,79.087,1.0,1.0,1.0403551420217048,1.0,0.04035514202170468
2024,Spanish Grand Prix,NOR,McLaren,1.0,71.383,0.0,80.3400909090909,79.78999999999999,3.0,2,2,74.130666666,74.197,3.0,96.9850833325,96.95150000000001,18.0,74.130666666,74.197,3.0,0.05,1.0068942337271702,0.9991059836111972,0.00689423372717022
2024,Spanish Grand Prix,VER,Red Bull Racing,2.0,71.403,0.0200000000000102,80.30646969696971,79.81,3.0,2,1,74.215666666,74.447,3.0,96.9850833325,96.95150000000001,18.0,74.215666666,74.447,3.0,0.1,1.0062206452445772,0.9968926439749084,0.006220645244577265
2024,Spanish Grand Prix,HAM,Mercedes,3.0,71.701,0.3179999999999978,80.57601515151515,79.997,3.0,2,3,74.0775,73.9945,4.0,96.9850833325,96.95150000000001,18.0,74.0775,73.9945,4.0,0.15,1.00723796081747,1.0011217049915873,0.007237960817470039
2024,Spanish Grand Prix,RUS,Mercedes,4.0,71.703,0.3200000000000074,80.64465151515152,79.9995,3.0,2,4,74.5828,74.089,5.0,96.9850833325,96.95150000000001,18.0,74.5828,74.089,5.0,0.2,1.0080644443421711,1.0066649570111623,0.008064444342171205
2024,Spanish Grand Prix,LEC,Ferrari,5.0,71.731,0.347999999999999,80.65054545454544,79.846,3.0,2,5,74.074666666,73.806,3.0,96.9850833325,96.95150000000001,18.0,74.074666666,73.806,3.0,0.25,1.0100762148954918,1.0036401737799094,0.010076214895491738
2024,Spanish Grand Prix,SAI,Ferrari,6.0,71.736,0.3530000000000086,80.77659090909091,80.05350000000001,3.0,2,6,74.384666666,74.746,3.0,96.9850833325,96.95150000000001,18.0,74.384666666,74.746,3.0,0.3,1.009032595815185,0.9951658505605652,0.009032595815184837
2024,Spanish Grand Prix,GAS,Alpine,7.0,71.857,0.4740000000000037,81.24624242424241,80.482,3.0,2,9,74.7494,75.228,5.0,96.9850833325,96.95150000000001,18.0,74.7494,75.228,5.0,0.35,1.0094958179995825,0.9936380071250066,0.009495817999582656
2024,Spanish Grand Prix,PER,Red Bull Racing,8.0,72.061,0.6780000000000115,81.20834848484847,80.1645,4.0,3,8,75.012666666,75.46,3.0,96.9850833325,96.95150000000001,18.0,75.012666666,75.46,3.0,0.4,1.0130213309488423,0.9940719144712431,0.013021330948842289
2024,Spanish Grand Prix,OCO,Alpine,9.0,72.125,0.7420000000000044,81.39569696969697,80.751,3.0,2,10,74.7944,75.106,5.0,96.9850833325,96.95150000000001,18.0,74.7944,75.106,5.0,0.45,1.007983764531671,0.9958511969749421,0.007983764531671014
2024,Spanish Grand Prix,PIA,McLaren,10.0,72.011,0.6280000000000001,80.81798484848485,79.92750000000001,3.0,2,7,74.912666666,75.118,3.0,96.9850833325,96.95150000000001,18.0,74.912666666,75.118,3.0,0.5,1.0111411572798454,0.997266522883996,0.01114115727984543
2024,Spanish Grand Prix,ALO,Aston Martin,11.0,72.128,0.7450000000000045,81.68806153846154,81.139,3.0,2,12,75.4604,75.969,5.0,96.9850833325,96.95150000000001,18.0,75.4604,75.969,5.0,0.55,1.0067669251341715,0.9933051639484528,0.006766925134171531
2024,Spanish Grand Prix,BOT,Kick Sauber,12.0,72.227,0.8440000000000083,82.36215384615384,81.601,3.0,2,16,74.94525,75.0115,4.0,96.9850833325,96.95150000000001,18.0,74.94525,75.0115,4.0,0.6,1.0093277514510097,0.9991168020903461,0.00932775145100974
2024,Spanish Grand Prix,HUL,Haas F1 Team,13.0,72.31,0.9270000000000068,81.4309393939394,81.03,3.0,2,11,75.297333333,75.862,3.0,96.9850833325,96.95150000000001,18.0,75.297333333,75.862,3.0,0.65,1.0049480364548857,0.9925566598955999,0.004948036454885794
2024,Spanish Grand Prix,STR,Aston Martin,14.0,72.372,0.9890000000000044,81.93044615384615,81.3,3.0,2,14,75.3796,75.562,5.0,96.9850833325,96.95150000000001,18.0,75.3796,75.562,5.0,0.7,1.00775456523796,0.9975860882454144,0.007754565237960037
2024,Spanish Grand Prix,ZHO,Kick Sauber,15.0,72.738,1.355000000000004,81.78004615384613,81.268,3.0,2,13,75.835,76.175,6.0,96.9850833325,96.95150000000001,18.0,75.835,76.175,6.0,0.75,1.0063007106591295,0.9955365933705284,0.006300710659129405
2024,Spanish Grand Prix,MAG,Haas F1 Team,16.0,72.937,1.554000000000002,82.38484615384615,81.366,3.0,2,17,75.0408,75.373,5.0,96.9850833325,96.95150000000001,18.0,75.0408,75.373,5.0,0.8,1.0125217677389347,0.9955925862046091,0.012521767738934632
2024,Spanish Grand Prix,TSU,RB,17.0,72.985,1.602000000000004,82.52509230769232,81.553,4.0,3,19,75.426,75.7115,4.0,96.9850833325,96.95150000000001,18.0,75.426,75.7115,4.0,0.85,1.0119197614764917,0.9962291065425992,0.011919761476491623
2024,Spanish Grand Prix,RIC,RB,18.0,73.075,1.6920000000000073,82.21964615384616,81.415,3.0,2,15,75.367666666,75.922,3.0,96.9850833325,96.95150000000001,18.0,75.367666666,75.922,3.0,0.9,1.0098832666443056,0.9926986468480811,0.009883266644305716
2024,Spanish Grand Prix,ALB,Williams,19.0,73.153,1.7700000000000102,82.43655384615386,81.577,3.0,3,18,76.1606,76.272,5.0,96.9850833325,96.95150000000001,18.0,76.1606,76.272,5.0,0.95,1.0105367180228968,0.9985394378015523,0.010536718022896872
2024,Spanish Grand Prix,SAR,Williams,20.0,73.509,2.1260000000000048,82.892078125,82.314,3.0,2,20,76.158,76.1115,4.0,96.9850833325,96.95150000000001,18.0,76.158,76.1115,4.0,1.0,1.0070228408897637,1.0006109457834886,0.007022840889763645
2024,Austrian Grand Prix,VER,Red Bull Racing,1.0,64.314,0.0,71.69085915492958,70.288,4.0,3,5,88.4846,88.666,5.0,69.513136363,69.5735,22.0,69.513136363,69.5735,22.0,0.05,1.01995872915618,0.9991323760196053,0.0199587291561801
2024,Austrian Grand Prix,NOR,McLaren,2.0,64.718,0.4040000000000106,71.73521875,70.4175,3.0,2,20,88.4846,88.666,5.0,69.714772727,69.6495,22.0,69.714772727,69.6495,22.0,0.1,1.018712944225512,1.0009371600226848,0.018712944225512087
2024,Austrian Grand Prix,RUS,Mercedes,3.0,64.84,0.5260000000000105,71.30701408450705,70.467,3.0,2,1,88.4846,88.666,5.0,69.7705,69.6995,22.0,69.7705,69.6995,22.0,0.15,1.0119206732868866,1.0010186586704353,0.011920673286886724
2024,Austrian Grand Prix,SAI,Ferrari,4.0,64.851,0.5370000000000061,71.37085915492958,70.509,3.0,2,3,88.4846,88.666,5.0,69.867454545,69.84,22.0,69.867454545,69.84,22.0,0.2,1.0122233921191561,1.000393106314433,0.012223392119156075
2024,Austrian Grand Prix,HAM,Mercedes,5.0,64.903,0.5890000000000128,71.63295774647887,70.677,3.0,2,4,88.4846,88.666,5.0,69.881181818,69.8205,22.0,69.881181818,69.8205,22.0,0.25,1.0135257261411614,1.0008691117651694,0.013525726141161322
2024,Austrian Grand Prix,LEC,Ferrari,6.0,65.044,0.730000000000004,72.25146478873239,70.622,5.0,4,11,88.4846,88.666,5.0,69.967,70.0145,22.0,69.967,70.0145,22.0,0.3,1.0230730478991306,0.9993215691035429,0.023073047899130467
2024,Austrian Grand Prix,PIA,McLaren,7.0,65.048,0.7340000000000089,71.33385915492956,70.607,3.0,2,2,88.4846,88.666,5.0,69.645454545,69.757,22.0,69.645454545,69.757,22.0,0.35,1.0102944347575957,0.9984009424860588,0.010294434757595656
2024,Austrian Grand Prix,PER,Red Bull Racing,8.0,65.202,0.8880000000000052,72.07704225352113,71.138,3.0,2,7,88.4846,88.666,5.0,70.125272727,70.1485,22.0,70.125272727,70.1485,22.0,0.4,1.0132002903303596,0.9996688842526924,0.013200290330359623
2024,Austrian Grand Prix,HUL,Haas F1 Team,9.0,65.385,1.0710000000000122,72.06881690140845,71.192,3.0,2,6,88.4846,88.666,5.0,70.944863636,70.868,22.0,70.944863636,70.868,22.0,0.45,1.0123162279667444,1.0010846028673026,0.012316227966744307
2024,Austrian Grand Prix,OCO,Alpine,10.0,65.883,1.5690000000000026,72.26933802816902,71.478,3.0,2,12,88.4846,88.666,5.0,70.692181818,70.537,22.0,70.692181818,70.537,22.0,0.5,1.0110710712130868,1.0022000059259677,0.011071071213086857
2024,Austrian Grand Prix,RIC,RB,11.0,65.289,0.9750000000000084,72.16854929577465,71.376,3.0,2,9,88.4846,88.666,5.0,70.960545454,70.823,22.0,70.960545454,70.823,22.0,0.55,1.0111038625837068,1.001942101492453,0.011103862583706686
2024,Austrian Grand Prix,MAG,Haas F1 Team,12.0,65.347,1.0330000000000013,72.15708450704226,71.273,3.0,2,8,88.4846,88.666,5.0,70.398454545,70.355,22.0,70.398454545,70.355,22.0,0.6,1.0124041994449828,1.0006176468623411,0.012404199444982817
2024,Austrian Grand Prix,GAS,Alpine,13.0,65.359,1.0450000000000017,72.17695774647886,71.343,3.0,2,10,88.4846,88.666,5.0,70.675636363,70.5585,22.0,70.675636363,70.5585,22.0,0.65,1.0116894123667193,1.001660131139409,0.011689412366719356
2024,Austrian Grand Prix,TSU,RB,14.0,65.412,1.0980000000000132,72.51347142857144,71.5655,3.0,2,14,88.4846,88.666,5.0,70.847818181,70.8315,22.0,70.847818181,70.8315,22.0,0.7,1.0132462070211405,1.0002303802827837,0.013246207021140564
2024,Austrian Grand Prix,ALO,Aston Martin,15.0,65.639,1.3250000000000028,73.00654285714288,71.53800000000001,4.0,3,18,88.4846,88.666,5.0,71.044666666,70.894,21.0,71.044666666,70.894,21.0,0.75,1.020528150872863,1.0021252386097552,0.020528150872862874
2024,Austrian Grand Prix,ALB,Williams,16.0,65.736,1.4220000000000113,72.48091428571426,71.535,3.0,2,15,88.4846,88.666,5.0,71.097090909,71.1035,22.0,71.097090909,71.1035,22.0,0.8,1.0132230975845986,0.9999098625102844,0.013223097584598682
2024,Austrian Grand Prix,STR,Aston Martin,17.0,65.819,1.5050000000000097,72.4718857142857,71.539,3.0,2,13,88.4846,88.666,5.0,70.645,70.4885,22.0,70.645,70.4885,22.0,0.85,1.0130402397892857,1.0022202203196264,0.01304023978928561
2024,Austrian Grand Prix,BOT,Kick Sauber,18.0,65.847,1.5330000000000013,72.6024714285714,71.64750000000001,3.0,2,16,88.4846,88.666,5.0,71.269136363,71.2805,22.0,71.269136363,71.2805,22.0,0.9,1.0133287473892516,0.9998405786014407,0.013328747389251508
2024,Austrian Grand Prix,SAR,Williams,19.0,65.856,1.5420000000000016,73.46531884057971,72.051,4.0,3,19,88.4846,88.666,5.0,71.1865,70.9815,22.0,71.1865,70.9815,22.0,0.95,1.0196294130626877,1.0028880764706296,0.019629413062687687
2024,Austrian Grand Prix,ZHO,Kick Sauber,20.0,66.061,1.747000000000014,72.96685714285714,72.009,3.0,3,17,88.4846,88.666,5.0,71.548227272,71.653,22.0,71.548227272,71.653,22.0,1.0,1.013301908689985,0.9985377761154453,0.013301908689985093
2024,British Grand Prix,RUS,Mercedes,1.0,85.819,0.0,96.11142424242423,91.799,2.0,1,19,90.654333333,92.001,9.0,96.9850833325,96.95150000000001,18.0,90.654333333,92.001,9.0,0.05,1.0469768106670467,0.9853624779404571,0.04697681066704679
2024,British Grand Prix,HAM,Mercedes,2.0,85.99,0.1709999999999922,95.13575,91.731,3.0,2,1,89.932555555,89.541,9.0,96.9850833325,96.95150000000001,18.0,89.932555555,89.541,9.0,0.1,1.0371166781131789,1.004372919165522,0.03711667811317883
2024,British Grand Prix,NOR,McLaren,3.0,86.03,0.2109999999999985,95.2808846153846,91.976,3.0,2,3,90.642416666,91.709,12.0,96.9850833325,96.95150000000001,18.0,90.642416666,91.709,12.0,0.15,1.035932032436555,0.9883699164313208,0.03593203243655513
2024,British Grand Prix,VER,Red Bull Racing,4.0,86.203,0.3840000000000003,95.16392307692308,92.0905,3.0,2,2,91.1366,91.9905,10.0,96.9850833325,96.95150000000001,18.0,91.1366,91.9905,10.0,0.2,1.0333739427728492,0.9907175197438867,0.03337394277284929
2024,British Grand Prix,PIA,McLaren,5.0,86.237,0.4179999999999921,95.37476923076922,91.926,3.0,2,4,90.634545454,91.859,11.0,96.9850833325,96.95150000000001,18.0,90.634545454,91.859,11.0,0.25,1.0375167986289975,0.9866702822151342,0.03751679862899741
2024,British Grand Prix,HUL,Haas F1 Team,6.0,86.338,0.5189999999999912,96.20732692307692,92.7505,3.0,2,6,88.9115,89.2585,4.0,96.9850833325,96.95150000000001,18.0,88.9115,89.2585,4.0,0.3,1.037270170220936,0.9961124150641116,0.03727017022093593
2024,British Grand Prix,SAI,Ferrari,7.0,86.509,0.6899999999999977,96.04571153846156,92.4695,4.0,3,5,89.7578,88.666,10.0,96.9850833325,96.95150000000001,18.0,89.7578,88.666,10.0,0.35,1.0386744984936824,1.0123136264182437,0.038674498493682395
2024,British Grand Prix,STR,Aston Martin,8.0,86.585,0.7659999999999911,96.22361538461536,93.015,3.0,2,7,88.3812,88.824,5.0,96.9850833325,96.95150000000001,18.0,88.3812,88.824,5.0,0.4,1.034495676875938,0.9950148608484194,0.03449567687593782
2024,British Grand Prix,ALB,Williams,9.0,86.64,0.820999999999998,96.4508846153846,93.0795,3.0,2,9,90.599,90.8695,6.0,96.9850833325,96.95150000000001,18.0,90.599,90.8695,6.0,0.45,1.0362204848047594,0.99702320360517,0.03622048480475937
2024,British Grand Prix,ALO,Aston Martin,10.0,86.917,1.097999999999999,96.3583846153846,92.7265,3.0,2,8,88.2822,88.694,5.0,96.9850833325,96.95150000000001,18.0,88.2822,88.694,5.0,0.5,1.0391677095046679,0.9953570703768011,0.03916770950466795
2024,British Grand Prix,LEC,Ferrari,11.0,87.097,1.2779999999999916,97.7947450980392,92.858,4.0,3,14,90.4782,92.031,10.0,96.9850833325,96.95150000000001,18.0,90.4782,92.031,10.0,0.55,1.053164456460824,0.9831274244548032,0.05316445646082402
2024,British Grand Prix,SAR,Williams,12.0,87.175,1.3559999999999943,96.84651923076922,93.229,3.0,2,11,88.89975,88.6875,4.0,96.9850833325,96.95150000000001,18.0,88.89975,88.6875,4.0,0.6,1.0388025102786602,1.0023932346723043,0.038802510278660274
2024,British Grand Prix,TSU,RB,13.0,87.269,1.4500000000000028,96.66080769230769,93.135,3.0,2,10,88.752,88.8235,6.0,96.9850833325,96.95150000000001,18.0,88.752,88.8235,6.0,0.65,1.037856957022684,0.9991950328460374,0.03785695702268406
2024,British Grand Prix,ZHO,Kick Sauber,14.0,87.867,2.048000000000002,100.0307,96.0755,5.0,4,18,88.563,88.4845,4.0,96.9850833325,96.95150000000001,18.0,88.563,88.4845,4.0,0.7,1.0411676233795295,1.0008871610282026,0.04116762337952954
2024,British Grand Prix,RIC,RB,15.0,87.949,2.1299999999999955,97.196,93.709,3.0,2,13,88.9246,89.17,5.0,96.9850833325,96.95150000000001,18.0,88.9246,89.17,5.0,0.75,1.037210940251203,0.9972479533475384,0.03721094025120313
2024,British Grand Prix,BOT,Kick Sauber,16.0,92.431,6.611999999999995,97.82117647058824,94.076,3.0,2,15,88.5348,89.025,5.0,96.9850833325,96.95150000000001,18.0,88.5348,89.025,5.0,0.8,1.0398101159763196,0.9944936815501264,0.039810115976319664
2024,British Grand Prix,MAG,Haas F1 Team,17.0,92.905,7.085999999999999,96.86946153846154,93.2685,3.0,2,12,89.1608,89.231,5.0,96.9850833325,96.95150000000001,18.0,89.1608,89.231,5.0,0.85,1.0386085499226592,0.9992132778966951,0.03860854992265913
2024,British Grand Prix,OCO,Alpine,18.0,94.557,8.738,99.15482000000002,95.7095,5.0,4,16,88.4846,88.723,5.0,96.9850833325,96.95150000000001,18.0,88.4846,88.723,5.0,0.9,1.0359976804810391,0.9973129853589261,0.035997680481039074
2024,British Grand Prix,PER,Red Bull Racing,19.0,98.348,12.528999999999996,99.30128,94.53,5.0,5,17,89.355142857,88.622,7.0,96.9850833325,96.95150000000001,18.0,89.355142857,88.622,7.0,0.95,1.050473712049085,1.008272695910722,0.05047371204908499
2024,British Grand Prix,GAS,Alpine,20.0,99.804,13.985,95.81198245614036,92.7505,1.0,0,20,88.791333333,88.867,6.0,96.9850833325,96.95150000000001,18.0,88.791333333,88.867,6.0,1.0,1.0330077191620568,0.9991485403243048,0.033007719162056845
2024,Hungarian Grand Prix,NOR,McLaren,1.0,75.227,0.0,84.059,83.721,3.0,2,2,78.89,79.175,3.0,96.9850833325,96.95150000000001,18.0,78.89,79.175,3.0,0.05,1.004037218857873,0.9964003789074835,0.0040372188578731
2024,Hungarian Grand Prix,PIA,McLaren,2.0,75.249,0.0219999999999913,84.02841428571428,83.6815,3.0,2,1,79.60125,79.8485,4.0,96.9850833325,96.95150000000001,18.0,79.60125,79.8485,4.0,0.1,1.004145650899115,0.9969035110240017,0.004145650899114823
2024,Hungarian Grand Prix,VER,Red Bull Racing,3.0,75.273,0.0459999999999922,84.3334,83.90299999999999,3.0,2,5,78.656,78.724,3.0,96.9850833325,96.95150000000001,18.0,78.656,78.724,3.0,0.15,1.0051297331442262,0.9991362227529089,0.0051297331442261415
2024,Hungarian Grand Prix,SAI,Ferrari,4.0,75.696,0.4689999999999941,84.35802857142858,83.774,3.0,2,6,78.81,79.048,3.0,96.9850833325,96.95150000000001,18.0,78.81,79.048,3.0,0.2,1.0069714776831544,0.9969891711365246,0.006971477683154387
2024,Hungarian Grand Prix,HAM,Mercedes,5.0,75.854,0.6269999999999953,84.24098571428571,83.41,3.0,2,3,78.662,78.662,2.0,96.9850833325,96.95150000000001,18.0,78.662,78.662,2.0,0.25,1.0099626629215408,1.0,0.009962662921540785
2024,Hungarian Grand Prix,LEC,Ferrari,6.0,75.905,0.6779999999999973,84.30964285714286,83.38300000000001,3.0,2,4,80.9925,80.9925,2.0,96.9850833325,96.95150000000001,18.0,80.9925,80.9925,2.0,0.3,1.0111130908835477,1.0,0.011113090883547628
2024,Hungarian Grand Prix,ALO,Aston Martin,7.0,76.043,0.8160000000000025,85.20641428571429,84.65899999999999,3.0,2,11,79.247,79.371,3.0,96.9850833325,96.95150000000001,18.0,79.247,79.371,3.0,0.35,1.0064661085733861,0.9984377165463457,0.006466108573386132
2024,Hungarian Grand Prix,STR,Aston Martin,8.0,76.244,1.016999999999996,85.14235714285715,84.5455,3.0,2,10,79.606666666,79.687,3.0,96.9850833325,96.95150000000001,18.0,79.606666666,79.687,3.0,0.4,1.0070595968189573,0.9989918890910687,0.007059596818957206
2024,Hungarian Grand Prix,RIC,RB,9.0,76.447,1.2199999999999989,85.50598550724636,85.145,3.0,2,12,78.6895,78.6895,2.0,96.9850833325,96.95150000000001,18.0,78.6895,78.6895,2.0,0.45,1.00423965596625,1.0,0.004239655966250148
2024,Hungarian Grand Prix,TSU,RB,10.0,76.477,1.25,85.1321142857143,84.58699999999999,2.0,1,9,79.987,79.728,3.0,96.9850833325,96.95150000000001,18.0,79.987,79.728,3.0,0.5,1.006444421550762,1.0032485450531807,0.0064444215507620025
2024,Hungarian Grand Prix,HUL,Haas F1 Team,11.0,76.317,1.0899999999999892,85.72714492753624,85.022,3.0,2,13,80.113,80.195,5.0,96.9850833325,96.95150000000001,18.0,80.113,80.195,5.0,0.55,1.0082936760783825,0.9989774923623668,0.00829367607838252
2024,Hungarian Grand Prix,BOT,Kick Sauber,12.0,76.384,1.1569999999999965,85.9043188405797,85.395,3.0,2,16,79.2696,79.543,5.0,96.9850833325,96.95150000000001,18.0,79.2696,79.543,5.0,0.6,1.005964270046018,0.996562865368417,0.005964270046018026
2024,Hungarian Grand Prix,ALB,Williams,13.0,76.429,1.2019999999999982,85.77910144927534,84.98,3.0,2,14,79.065666666,79.263,3.0,96.9850833325,96.95150000000001,18.0,79.065666666,79.263,3.0,0.65,1.0094034060870245,0.9975103978653344,0.009403406087024484
2024,Hungarian Grand Prix,SAR,Williams,14.0,76.543,1.3160000000000025,86.00840579710143,85.427,4.0,3,17,79.074,79.271,3.0,96.9850833325,96.95150000000001,18.0,79.074,79.271,3.0,0.7,1.006805878669524,0.9975148541080596,0.006805878669523979
2024,Hungarian Grand Prix,MAG,Haas F1 Team,15.0,76.548,1.320999999999998,85.90276811594204,85.413,3.0,2,15,79.502,79.721,3.0,96.9850833325,96.95150000000001,18.0,79.502,79.721,3.0,0.75,1.0057341167731146,0.9972529195569548,0.005734116773114649
2024,Hungarian Grand Prix,PER,Red Bull Racing,16.0,77.886,2.658999999999992,84.59687142857143,83.876,3.0,2,7,79.5815,78.6915,4.0,96.9850833325,96.95150000000001,18.0,79.5815,78.6915,4.0,0.8,1.008594489825116,1.0113099890077073,0.00859448982511598
2024,Hungarian Grand Prix,RUS,Mercedes,17.0,77.968,2.741,84.63367142857143,84.64699999999999,3.0,2,8,78.5555,78.5555,2.0,96.9850833325,96.95150000000001,18.0,78.5555,78.5555,2.0,0.85,0.9998425393525044,1.0,0.00015746064749558926
2024,Hungarian Grand Prix,ZHO,Kick Sauber,18.0,78.037,2.8100000000000023,86.16792753623189,85.524,3.0,2,19,80.1075,80.1075,2.0,96.9850833325,96.95150000000001,18.0,80.1075,80.1075,2.0,0.9,1.0075292027528167,1.0,0.00752920275281658
2024,Hungarian Grand Prix,OCO,Alpine,19.0,78.049,2.8220000000000027,86.12924637681158,85.239,4.0,3,18,79.5334,79.831,5.0,96.9850833325,96.95150000000001,18.0,79.5334,79.831,5.0,0.95,1.0104441203769585,0.9962721248637747,0.010444120376958611
2024,Hungarian Grand Prix,GAS,Alpine,20.0,78.166,2.938999999999993,86.6440909090909,85.728,2.0,2,20,79.5314,79.617,5.0,96.9850833325,96.95150000000001,18.0,79.5314,79.617,5.0,1.0,1.0106860175099257,0.9989248527324567,0.010686017509925714
2024,Belgian Grand Prix,VER,Red Bull Racing,1.0,113.159,0.0,109.23331818181822,108.417,3.0,2,4,106.9082,108.105,10.0,96.9850833325,96.95150000000001,18.0,106.9082,108.105,10.0,0.05,1.0075294297187547,0.9889292817168492,0.007529429718754606
2024,Belgian Grand Prix,LEC,Ferrari,2.0,113.754,0.5949999999999989,109.2179318181818,108.3,3.0,2,3,106.18475,106.4315,4.0,96.9850833325,96.95150000000001,18.0,106.18475,106.4315,4.0,0.1,1.008475824729287,0.9976816074188563,0.008475824729287157
2024,Belgian Grand Prix,PER,Red Bull Racing,3.0,113.765,0.6059999999999945,110.00534090909092,108.529,4.0,3,7,106.471,106.5805,6.0,96.9850833325,96.95150000000001,18.0,106.471,106.5805,6.0,0.15,1.013603192778805,0.9989726075595442,0.013603192778804948
2024,Belgian Grand Prix,HAM,Mercedes,4.0,113.835,0.6759999999999877,109.0355909090909,108.034,3.0,2,1,105.687666666,104.164,6.0,96.9850833325,96.95150000000001,18.0,105.687666666,104.164,6.0,0.2,1.0092710712284179,1.0146275744595061,0.009271071228417844
2024,Belgian Grand Prix,NOR,McLaren,5.0,113.981,0.8219999999999885,109.2475,108.1615,3.0,2,5,105.920833333,105.772,6.0,96.9850833325,96.95150000000001,18.0,105.920833333,105.772,6.0,0.25,1.0100405412277011,1.0014071146711796,0.010040541227701155
2024,Belgian Grand Prix,PIA,McLaren,6.0,114.027,0.867999999999995,109.05029545454543,108.177,3.0,2,2,107.430272727,107.783,11.0,96.9850833325,96.95150000000001,18.0,107.430272727,107.783,11.0,0.3,1.0080728385381867,0.9967274312925044,0.008072838538186746
2024,Belgian Grand Prix,RUS,Mercedes,7.0,114.184,1.0249999999999917,109.02363636363638,108.29,2.0,1,20,103.743666666,103.738,3.0,96.9850833325,96.95150000000001,18.0,103.743666666,103.738,3.0,0.35,1.006774737867175,1.0000546247855173,0.006774737867174979
2024,Belgian Grand Prix,SAI,Ferrari,8.0,114.477,1.3179999999999978,109.47352272727272,108.9365,3.0,2,6,106.217833333,106.2235,6.0,96.9850833325,96.95150000000001,18.0,106.217833333,106.2235,6.0,0.4,1.0049296858929075,0.9999466533582494,0.00492968589290759
2024,Belgian Grand Prix,ALO,Aston Martin,9.0,114.765,1.6059999999999943,110.1591590909091,109.5045,2.0,1,8,105.1648,104.622,5.0,96.9850833325,96.95150000000001,18.0,105.1648,104.622,5.0,0.45,1.0059783761480954,1.0051882013343274,0.005978376148095344
2024,Belgian Grand Prix,OCO,Alpine,10.0,114.81,1.6509999999999962,110.218,109.478,3.0,2,9,106.1855,105.309,6.0,96.9850833325,96.95150000000001,18.0,106.1855,105.309,6.0,0.5,1.0067593489102835,1.008323125278941,0.006759348910283428
2024,Belgian Grand Prix,ALB,Williams,11.0,114.473,1.313999999999993,110.47025,109.8165,3.0,2,12,105.2535,104.338,4.0,96.9850833325,96.95150000000001,18.0,105.2535,104.338,4.0,0.55,1.005953112692537,1.008774367919646,0.005953112692536987
2024,Belgian Grand Prix,GAS,Alpine,12.0,114.635,1.475999999999999,110.48647727272729,109.8075,3.0,2,13,104.362333333,104.594,3.0,96.9850833325,96.95150000000001,18.0,104.362333333,104.594,3.0,0.6,1.0061833415087975,0.9977850864581143,0.0061833415087974904
2024,Belgian Grand Prix,RIC,RB,13.0,114.682,1.522999999999996,110.27195454545456,109.448,3.0,2,10,104.406333333,104.411,3.0,96.9850833325,96.95150000000001,18.0,104.406333333,104.411,3.0,0.65,1.0075282741160603,0.9999553048337819,0.007528274116060314
2024,Belgian Grand Prix,BOT,Kick Sauber,14.0,114.764,1.6049999999999898,110.62904545454543,109.8445,3.0,2,15,104.142333333,104.034,3.0,96.9850833325,96.95150000000001,18.0,104.142333333,104.034,3.0,0.7,1.0071423280596246,1.0010413262298863,0.007142328059624627
2024,Belgian Grand Prix,STR,Aston Martin,15.0,115.716,2.556999999999988,110.45570454545454,109.652,2.0,1,11,104.101666666,104.355,3.0,96.9850833325,96.95150000000001,18.0,104.101666666,104.355,3.0,0.75,1.0073295931260218,0.9975723891140817,0.007329593126021745
2024,Belgian Grand Prix,HUL,Haas F1 Team,16.0,116.308,3.149000000000001,111.04256818181815,109.815,3.0,2,18,104.416666666,104.005,3.0,96.9850833325,96.95150000000001,18.0,104.416666666,104.005,3.0,0.8,1.011178510966791,1.0039581430315851,0.011178510966791028
2024,Belgian Grand Prix,MAG,Haas F1 Team,17.0,116.5,3.340999999999994,110.53797727272728,109.93,2.0,1,14,104.326,104.373,4.0,96.9850833325,96.95150000000001,18.0,104.326,104.373,4.0,0.85,1.005530585579253,0.9995496919701454,0.005530585579252872
2024,Belgian Grand Prix,TSU,RB,18.0,116.593,3.433999999999997,110.76765909090908,109.6465,2.0,1,16,104.936333333,104.89,3.0,96.9850833325,96.95150000000001,18.0,104.936333333,104.89,3.0,0.9,1.0102252154962454,1.0004417326055868,0.01022521549624543
2024,Belgian Grand Prix,SAR,Williams,19.0,117.23,4.070999999999998,110.97947727272728,110.4155,3.0,2,17,105.090666666,105.159,3.0,96.9850833325,96.95150000000001,18.0,105.090666666,105.159,3.0,0.95,1.0051077726653168,0.9993501903403418,0.005107772665316786
2024,Belgian Grand Prix,ZHO,Kick Sauber,20.0,117.775,4.616,119.80725,116.7485,1.0,0,19,105.556,106.035,5.0,96.9850833325,96.95150000000001,18.0,105.556,106.035,5.0,1.0,1.026199480078973,0.9954826236619984,0.026199480078973082
2024,Dutch Grand Prix,NOR,McLaren,1.0,69.673,0.0,75.63220833333334,74.945,2.0,1,1,74.648642857,75.303,14.0,96.9850833325,96.95150000000001,18.0,74.648642857,75.303,14.0,0.05,1.0091695020793028,0.9913103443023519,0.009169502079302757
2024,Dutch Grand Prix,VER,Red Bull Racing,2.0,70.029,0.3559999999999945,75.95020833333335,75.269,2.0,1,2,74.499,75.169,9.0,96.9850833325,96.95150000000001,18.0,74.499,75.169,9.0,0.1,1.0090503173063725,0.9910867511873246,0.009050317306372407
2024,Dutch Grand Prix,PIA,McLaren,3.0,70.172,0.4989999999999952,76.01188888888889,75.33250000000001,2.0,1,4,73.809857142,73.815,7.0,96.9850833325,96.95150000000001,18.0,73.809857142,73.815,7.0,0.15,1.0090185363407411,0.9999303277382646,0.009018536340741115
2024,Dutch Grand Prix,RUS,Mercedes,4.0,70.244,0.570999999999998,76.2518888888889,75.557,3.0,2,7,74.03325,75.246,8.0,96.9850833325,96.95150000000001,18.0,74.03325,75.246,8.0,0.2,1.0091968830007663,0.9838828642054063,0.009196883000766274
2024,Dutch Grand Prix,PER,Red Bull Racing,5.0,70.416,0.742999999999995,76.18140277777778,75.471,2.0,1,6,72.643333333,73.108,3.0,96.9850833325,96.95150000000001,18.0,72.643333333,73.108,3.0,0.25,1.0094129238751013,0.9936441064315806,0.009412923875101337
2024,Dutch Grand Prix,LEC,Ferrari,6.0,70.582,0.9089999999999918,75.98552777777779,75.29150000000001,2.0,1,3,73.782166666,73.7015,6.0,96.9850833325,96.95150000000001,18.0,73.782166666,73.7015,6.0,0.3,1.0092178768888622,1.0010945050779156,0.009217876888862308
2024,Dutch Grand Prix,ALO,Aston Martin,7.0,70.633,0.9599999999999936,76.88805633802818,76.661,2.0,1,10,72.8655,72.732,6.0,96.9850833325,96.95150000000001,18.0,72.8655,72.732,6.0,0.35,1.0029618233264395,1.00183550569213,0.0029618233264394824
2024,Dutch Grand Prix,STR,Aston Martin,8.0,70.857,1.1839999999999975,76.98916901408451,76.479,2.0,1,13,73.017142857,73.023,7.0,96.9850833325,96.95150000000001,18.0,73.017142857,73.023,7.0,0.4,1.0066707071756236,0.9999197904358901,0.0066707071756235145
2024,Dutch Grand Prix,GAS,Alpine,9.0,70.977,1.304000000000002,76.81863380281689,76.516,2.0,1,9,73.287666666,73.141,6.0,96.9850833325,96.95150000000001,18.0,73.287666666,73.141,6.0,0.45,1.0039551701973037,1.002005259239004,0.003955170197303637
2024,Dutch Grand Prix,SAI,Ferrari,10.0,70.914,1.2409999999999997,76.07855555555555,75.1885,2.0,1,5,73.3995,73.3995,2.0,96.9850833325,96.95150000000001,18.0,73.3995,73.3995,2.0,0.5,1.011837655433418,1.0,0.011837655433417988
2024,Dutch Grand Prix,ALB,Williams,10.0,70.653,0.980000000000004,77.27084507042255,76.49,3.0,2,14,72.616,72.549,5.0,96.9850833325,96.95150000000001,18.0,72.616,72.549,5.0,0.5,1.0102084595427188,1.0009235137631118,0.010208459542718758
2024,Dutch Grand Prix,HAM,Mercedes,11.0,70.948,1.2749999999999917,76.32108333333333,75.446,3.0,2,8,72.0235,72.0925,4.0,96.9850833325,96.95150000000001,18.0,72.0235,72.0925,4.0,0.55,1.0115988035592787,0.9990428962790858,0.011598803559278639
2024,Dutch Grand Prix,TSU,RB,12.0,70.955,1.2819999999999965,77.61500000000001,76.889,3.0,2,17,72.7295,72.7675,6.0,96.9850833325,96.95150000000001,18.0,72.7295,72.7675,6.0,0.6,1.009442182887019,0.9994777888480435,0.009442182887019123
2024,Dutch Grand Prix,HUL,Haas F1 Team,13.0,71.215,1.5420000000000016,76.9680704225352,76.321,2.0,1,11,73.429666666,73.336,3.0,96.9850833325,96.95150000000001,18.0,73.429666666,73.336,3.0,0.65,1.008478274950999,1.00127722627359,0.008478274950999174
2024,Dutch Grand Prix,MAG,Haas F1 Team,14.0,71.295,1.622,77.62290140845073,77.0,2.0,2,18,73.0625,73.471,6.0,96.9850833325,96.95150000000001,18.0,73.0625,73.471,6.0,0.7,1.0080896286811782,0.9944399831225925,0.00808962868117831
2024,Dutch Grand Prix,RIC,RB,15.0,71.943,2.269999999999996,76.9941690140845,76.288,2.0,1,12,73.4768,73.953,5.0,96.9850833325,96.95150000000001,18.0,73.4768,73.953,5.0,0.75,1.0092566198364685,0.9935607750868795,0.009256619836468498
2024,Dutch Grand Prix,OCO,Alpine,16.0,71.995,2.3220000000000027,77.3577042253521,77.284,2.0,1,15,73.409833333,73.6235,6.0,96.9850833325,96.95150000000001,18.0,73.409833333,73.6235,6.0,0.8,1.0009536802617889,0.997097846923876,0.0009536802617888348
2024,Dutch Grand Prix,BOT,Kick Sauber,17.0,72.168,2.4950000000000045,77.83952857142859,76.96600000000001,3.0,2,19,73.217166666,73.096,6.0,96.9850833325,96.95150000000001,18.0,73.217166666,73.096,6.0,0.85,1.0113495383861522,1.001657637435701,0.01134953838615206
2024,Dutch Grand Prix,ZHO,Kick Sauber,18.0,73.261,3.587999999999994,78.30768571428571,77.69900000000001,3.0,2,20,73.787666666,73.635,6.0,96.9850833325,96.95150000000001,18.0,73.787666666,73.635,6.0,0.9,1.007833893798964,1.0020732894140014,0.00783389379896393
2024,Dutch Grand Prix,SAR,Williams,20.0,86.987,1.0050000000000097,77.60645070422535,76.967,2.0,1,16,72.909,72.6715,4.0,96.9850833325,96.95150000000001,18.0,72.909,72.6715,4.0,1.0,1.0083081152211384,1.003268131248151,0.008308115221138328
2024,Italian Grand Prix,NOR,McLaren,1.0,79.327,0.0,84.65811320754716,83.652,3.0,2,3,84.320416666,84.9965,12.0,96.9850833325,96.95150000000001,18.0,84.320416666,84.9965,12.0,0.05,1.01202736584358,0.9920457508956252,0.012027365843580058
2024,Italian Grand Prix,PIA,McLaren,2.0,79.436,0.1090000000000088,84.59228301886793,83.66,3.0,2,2,84.369083333,85.153,12.0,96.9850833325,96.95150000000001,18.0,84.369083333,85.153,12.0,0.1,1.0111437128719571,0.9907940217373433,0.011143712871957145
2024,Italian Grand Prix,RUS,Mercedes,3.0,79.44,0.1129999999999995,85.29135849056603,84.546,3.0,2,7,84.634375,84.8925,8.0,96.9850833325,96.95150000000001,18.0,84.634375,84.8925,8.0,0.15,1.008816011290493,0.9969593898165328,0.008816011290492977
2024,Italian Grand Prix,LEC,Ferrari,4.0,79.461,0.1340000000000003,84.54201886792453,83.731,2.0,1,1,84.242538461,85.062,13.0,96.9850833325,96.95150000000001,18.0,84.242538461,85.062,13.0,0.2,1.0096860048001879,0.9903663029437352,0.009686004800187878
2024,Italian Grand Prix,SAI,Ferrari,5.0,79.467,0.1400000000000005,84.83675471698113,84.001,2.0,1,4,84.326636363,85.235,11.0,96.9850833325,96.95150000000001,18.0,84.326636363,85.235,11.0,0.25,1.0099493424718888,0.9893428329090164,0.009949342471888768
2024,Italian Grand Prix,HAM,Mercedes,6.0,79.513,0.186000000000007,84.97258490566038,83.818,3.0,2,5,83.9026,84.5025,10.0,96.9850833325,96.95150000000001,18.0,83.9026,84.5025,10.0,0.3,1.0137749040261088,0.9929008017514276,0.01377490402610878
2024,Italian Grand Prix,VER,Red Bull Racing,7.0,80.022,0.6950000000000074,85.25771698113209,83.801,3.0,2,6,84.8874,85.1845,10.0,96.9850833325,96.95150000000001,18.0,84.8874,85.1845,10.0,0.35,1.0173830500964438,0.9965122762943963,0.01738305009644383
2024,Italian Grand Prix,PER,Red Bull Racing,8.0,80.062,0.7349999999999994,85.56367924528304,84.773,3.0,2,8,84.210857142,84.673,7.0,96.9850833325,96.95150000000001,18.0,84.210857142,84.673,7.0,0.4,1.0093270173909505,0.994542028060893,0.009327017390950473
2024,Italian Grand Prix,ALB,Williams,9.0,80.299,0.9720000000000084,85.81477358490567,85.074,2.0,1,9,84.605545454,85.406,11.0,96.9850833325,96.95150000000001,18.0,84.605545454,85.406,11.0,0.45,1.008707402789403,0.9906276544270893,0.008707402789402964
2024,Italian Grand Prix,HUL,Haas F1 Team,10.0,80.339,1.0120000000000005,86.76148076923079,85.3385,3.0,2,17,84.5765,85.538,10.0,96.9850833325,96.95150000000001,18.0,84.5765,85.538,10.0,0.5,1.016674546297753,0.9887593817952255,0.01667454629775295
2024,Italian Grand Prix,ALO,Aston Martin,11.0,80.421,1.0940000000000083,85.83437735849056,85.011,3.0,2,11,84.7459,85.799,10.0,96.9850833325,96.95150000000001,18.0,84.7459,85.799,10.0,0.55,1.009685539030132,0.9877259641720766,0.009685539030132109
2024,Italian Grand Prix,RIC,RB,12.0,80.479,1.152000000000001,86.02224528301888,85.062,2.0,1,13,84.203285714,85.448,7.0,96.9850833325,96.95150000000001,18.0,84.203285714,85.448,7.0,0.6,1.0112887691685932,0.985433078761352,0.011288769168593239
2024,Italian Grand Prix,MAG,Haas F1 Team,13.0,80.698,1.3709999999999951,85.64205660377358,84.803,2.0,1,10,82.349666666,82.317,3.0,96.9850833325,96.95150000000001,18.0,82.349666666,82.317,3.0,0.65,1.0098941853917147,1.0003968398508207,0.00989418539171474
2024,Italian Grand Prix,GAS,Alpine,14.0,80.738,1.4110000000000014,86.52059615384617,85.477,3.0,2,15,83.869166666,84.0165,6.0,96.9850833325,96.95150000000001,18.0,83.869166666,84.0165,6.0,0.7,1.0122090872848388,0.9982463761999132,0.01220908728483881
2024,Italian Grand Prix,OCO,Alpine,15.0,80.766,1.4390000000000072,86.41126923076924,86.03,2.0,1,14,83.153,82.371,7.0,96.9850833325,96.95150000000001,18.0,83.153,82.371,7.0,0.75,1.0044318171657471,1.0094936324677375,0.004431817165747233
2024,Italian Grand Prix,TSU,RB,16.0,80.945,1.617999999999995,90.95271428571426,88.473,1.0,0,20,83.9128,83.506,5.0,96.9850833325,96.95150000000001,18.0,83.9128,83.506,5.0,0.8,1.028027921351308,1.0048715062390727,0.028027921351307925
2024,Italian Grand Prix,STR,Aston Martin,17.0,81.013,1.686000000000007,87.00451923076922,85.62549999999999,4.0,3,19,84.5455,85.6935,12.0,96.9850833325,96.95150000000001,18.0,84.5455,85.6935,12.0,0.85,1.0161052400367792,0.9866034179955306,0.016105240036779125
2024,Italian Grand Prix,COL,Williams,18.0,81.061,1.7340000000000089,86.07613207547169,85.147,2.0,1,12,83.943444444,84.16,9.0,96.9850833325,96.95150000000001,18.0,83.943444444,84.16,9.0,0.9,1.010912094089888,0.9974268588878327,0.010912094089887898
2024,Italian Grand Prix,BOT,Kick Sauber,19.0,81.101,1.774000000000001,86.6911153846154,86.3365,2.0,1,16,84.654111111,85.856,9.0,96.9850833325,96.95150000000001,18.0,84.654111111,85.856,9.0,0.95,1.004107363451326,0.9860011077967761,0.004107363451325915
2024,Italian Grand Prix,ZHO,Kick Sauber,20.0,81.445,2.117999999999995,86.93811538461537,85.9935,2.0,1,18,82.94425,83.0305,4.0,96.9850833325,96.95150000000001,18.0,82.94425,83.0305,4.0,1.0,1.0109847300623347,0.9989612250919842,0.010984730062334651
2024,Azerbaijan Grand Prix,LEC,Ferrari,1.0,101.365,0.0,108.67784000000002,107.917,2.0,1,2,106.626375,106.2105,8.0,96.9850833325,96.95150000000001,18.0,106.626375,106.2105,8.0,0.05,1.0070502330494733,1.0039155733190221,0.007050233049473354
2024,Azerbaijan Grand Prix,PIA,McLaren,2.0,101.686,0.3210000000000121,108.49345999999996,107.8555,2.0,1,1,108.253,108.5575,12.0,96.9850833325,96.95150000000001,18.0,108.253,108.5575,12.0,0.1,1.0059149510224323,0.9971950348893444,0.005914951022432328
2024,Azerbaijan Grand Prix,SAI,Ferrari,3.0,101.805,0.4400000000000119,108.60751020408162,108.091,2.0,1,18,107.7457,108.6595,10.0,96.9850833325,96.95150000000001,18.0,107.7457,108.6595,10.0,0.15,1.004778475581516,0.9915902429147935,0.004778475581515821
2024,Azerbaijan Grand Prix,PER,Red Bull Racing,4.0,101.813,0.4480000000000075,108.5958775510204,107.96,2.0,1,17,107.842636363,108.907,11.0,96.9850833325,96.95150000000001,18.0,107.842636363,108.907,11.0,0.2,1.005889936560026,0.9902268574379975,0.005889936560025934
2024,Azerbaijan Grand Prix,RUS,Mercedes,5.0,101.874,0.5090000000000003,109.1279,108.338,2.0,1,3,108.331636363,108.206,11.0,96.9850833325,96.95150000000001,18.0,108.331636363,108.206,11.0,0.25,1.0072910705384999,1.0011610849952868,0.007291070538499907
2024,Azerbaijan Grand Prix,VER,Red Bull Racing,6.0,102.023,0.6580000000000013,109.06310204081632,108.448,3.0,2,5,107.70325,108.901,8.0,96.9850833325,96.95150000000001,18.0,107.70325,108.901,8.0,0.3,1.0056718615448539,0.9890014784069935,0.005671861544853984
2024,Azerbaijan Grand Prix,HAM,Mercedes,7.0,102.289,0.9240000000000066,110.33262,108.61,2.0,2,9,106.585,108.036,7.0,96.9850833325,96.95150000000001,18.0,106.585,108.036,7.0,0.35,1.0158606021544978,0.9865692917175756,0.0158606021544978
2024,Azerbaijan Grand Prix,ALO,Aston Martin,8.0,102.369,1.0040000000000049,110.22398,109.102,2.0,1,6,106.5695,106.1665,4.0,96.9850833325,96.95150000000001,18.0,106.5695,106.1665,4.0,0.4,1.010283771149933,1.0037959243264118,0.01028377114993303
2024,Azerbaijan Grand Prix,COL,Williams,9.0,102.53,1.1650000000000065,110.29074,109.205,2.0,1,8,108.626777777,109.736,9.0,96.9850833325,96.95150000000001,18.0,108.626777777,109.736,9.0,0.45,1.0099422187628773,0.9898919021743092,0.009942218762877169
2024,Azerbaijan Grand Prix,ALB,Williams,10.0,102.859,1.4939999999999998,110.25446000000002,109.184,2.0,1,7,108.6501,109.8255,10.0,96.9850833325,96.95150000000001,18.0,108.6501,109.8255,10.0,0.5,1.009804183763189,0.9892975675048143,0.00980418376318898
2024,Azerbaijan Grand Prix,BEA,Haas F1 Team,11.0,102.968,1.6030000000000086,110.3577,108.794,2.0,1,10,108.654636363,110.225,11.0,96.9850833325,96.95150000000001,18.0,108.654636363,110.225,11.0,0.55,1.0143730352776807,0.9857531083057383,0.014373035277680728
2024,Azerbaijan Grand Prix,TSU,RB,12.0,103.035,1.6700000000000017,115.90364285714286,112.803,2.0,1,20,108.540428571,109.945,7.0,96.9850833325,96.95150000000001,18.0,108.540428571,109.945,7.0,0.6,1.02748723754814,0.9872247812178818,0.027487237548140198
2024,Azerbaijan Grand Prix,HUL,Haas F1 Team,13.0,103.191,1.826000000000008,110.39266,108.8645,2.0,1,11,105.4045,105.3505,4.0,96.9850833325,96.95150000000001,18.0,105.4045,105.3505,4.0,0.65,1.014037266510203,1.00051257469115,0.014037266510203048
2024,Azerbaijan Grand Prix,STR,Aston Martin,14.0,103.404,2.039000000000001,111.13511111111112,109.547,3.0,2,19,107.712333333,107.367,9.0,96.9850833325,96.95150000000001,18.0,107.712333333,107.367,9.0,0.7,1.0144970753294122,1.003216382435944,0.014497075329412199
2024,Azerbaijan Grand Prix,RIC,RB,15.0,103.547,2.182000000000002,110.26922448979592,109.604,2.0,1,13,108.156428571,107.646,7.0,96.9850833325,96.95150000000001,18.0,108.156428571,107.646,7.0,0.75,1.0060693450037947,1.0047417328186836,0.006069345003794732
2024,Azerbaijan Grand Prix,GAS,Alpine,15.0,103.179,1.8140000000000072,110.61432,109.6685,2.0,1,12,108.657818181,109.945,11.0,96.9850833325,96.95150000000001,18.0,108.657818181,109.945,11.0,0.75,1.0086243543041076,0.9882924933466734,0.008624354304107486
2024,Azerbaijan Grand Prix,NOR,McLaren,16.0,103.609,2.244,109.23942,108.9275,2.0,1,4,108.914833333,109.1465,12.0,96.9850833325,96.95150000000001,18.0,108.914833333,109.1465,12.0,0.8,1.0028635560349775,0.9978774704914953,0.002863556034977399
2024,Azerbaijan Grand Prix,BOT,Kick Sauber,17.0,103.618,2.253,111.2459387755102,109.708,2.0,1,16,107.855666666,107.5665,6.0,96.9850833325,96.95150000000001,18.0,107.855666666,107.5665,6.0,0.85,1.0140184742727076,1.0026882595045856,0.01401847427270754
2024,Azerbaijan Grand Prix,ZHO,Kick Sauber,18.0,104.246,2.881,110.67104081632654,110.317,2.0,1,14,107.483333333,107.496,6.0,96.9850833325,96.95150000000001,18.0,107.483333333,107.496,6.0,0.9,1.0032093042443735,0.9998821661550198,0.0032093042443734456
2024,Azerbaijan Grand Prix,OCO,Alpine,19.0,104.504,3.13900000000001,110.88244897959184,110.455,2.0,2,15,108.3406,108.8105,10.0,96.9850833325,96.95150000000001,18.0,108.3406,108.8105,10.0,0.95,1.0038698925317264,0.99568148294512,0.0038698925317264417
2024,Singapore Grand Prix,NOR,McLaren,1.0,89.525,0.0,97.6221129032258,96.9075,2.0,1,1,94.2785,94.3735,6.0,96.9850833325,96.95150000000001,18.0,94.2785,94.3735,6.0,0.05,1.0073741754067105,0.998993361483891,0.007374175406710511
2024,Singapore Grand Prix,VER,Red Bull Racing,2.0,89.728,0.2029999999999887,97.95993548387096,97.256,2.0,1,2,92.87225,92.818,4.0,96.9850833325,96.95150000000001,18.0,92.87225,92.818,4.0,0.1,1.0072379645869762,1.0005844771488288,0.00723796458697627
2024,Singapore Grand Prix,HAM,Mercedes,3.0,89.841,0.3159999999999883,98.99708064516128,98.3415,2.0,1,6,94.0644,93.9,5.0,96.9850833325,96.95150000000001,18.0,94.0644,93.9,5.0,0.15,1.0066663681676737,1.0017507987220446,0.006666368167673664
2024,Singapore Grand Prix,RUS,Mercedes,4.0,89.867,0.3419999999999987,98.60662903225808,98.1765,2.0,1,4,92.75625,92.708,4.0,96.9850833325,96.95150000000001,18.0,92.75625,92.708,4.0,0.2,1.0043811811610526,1.0005204513094879,0.004381181161052591
2024,Singapore Grand Prix,PIA,McLaren,5.0,89.953,0.4279999999999972,98.29667741935482,98.1695,2.0,1,3,92.929,93.1,4.0,96.9850833325,96.95150000000001,18.0,92.929,93.1,4.0,0.25,1.0012954881032787,0.9981632653061225,0.0012954881032787426
2024,Singapore Grand Prix,HUL,Haas F1 Team,6.0,90.115,0.5899999999999892,99.27395081967214,98.649,2.0,1,9,92.9795,93.0215,4.0,96.9850833325,96.95150000000001,18.0,92.9795,93.0215,4.0,0.3,1.006335095334693,0.9995484914777766,0.006335095334693068
2024,Singapore Grand Prix,ALO,Aston Martin,7.0,90.214,0.688999999999993,99.2367868852459,98.573,2.0,1,8,92.8038,92.966,5.0,96.9850833325,96.95150000000001,18.0,92.8038,92.966,5.0,0.35,1.0067339624972955,0.9982552761224533,0.006733962497295529
2024,Singapore Grand Prix,TSU,RB,8.0,90.354,0.8289999999999935,99.36660655737704,99.034,2.0,1,12,93.3004,92.582,5.0,96.9850833325,96.95150000000001,18.0,93.3004,92.582,5.0,0.4,1.0033585087684738,1.0077596076991209,0.0033585087684737925
2024,Singapore Grand Prix,LEC,Ferrari,9.0,89.747,0.2219999999999942,98.62904838709676,98.658,2.0,1,5,91.7358,91.665,5.0,96.9850833325,96.95150000000001,18.0,91.7358,91.665,5.0,0.45,0.9997065457144556,1.000772377679594,0.0002934542855444273
2024,Singapore Grand Prix,SAI,Ferrari,10.0,90.108,0.5829999999999984,99.17112903225808,98.5165,2.0,1,7,93.190666666,92.6625,6.0,96.9850833325,96.95150000000001,18.0,93.190666666,92.6625,6.0,0.5,1.0066448669233894,1.005699896570889,0.00664486692338934
2024,Singapore Grand Prix,ALB,Williams,11.0,90.474,0.948999999999998,104.04686666666666,99.762,2.0,1,20,92.4668,92.238,5.0,96.9850833325,96.95150000000001,18.0,92.4668,92.238,5.0,0.55,1.0429508897843534,1.0024805394739695,0.04295088978435335
2024,Singapore Grand Prix,COL,Williams,12.0,90.481,0.9559999999999887,99.3254918032787,98.833,2.0,1,11,94.343666666,93.729,6.0,96.9850833325,96.95150000000001,18.0,94.343666666,93.729,6.0,0.6,1.0049830704651148,1.0065579134099372,0.004983070465114853
2024,Singapore Grand Prix,PER,Red Bull Racing,13.0,90.579,1.0539999999999878,99.2982786885246,98.722,2.0,1,10,92.9296,93.266,5.0,96.9850833325,96.95150000000001,18.0,92.9296,93.266,5.0,0.65,1.0058373887129983,0.9963931121737823,0.005837388712998218
2024,Singapore Grand Prix,MAG,Haas F1 Team,14.0,90.653,1.128,100.7365357142857,99.4385,3.0,2,19,92.8312,92.983,5.0,96.9850833325,96.95150000000001,18.0,92.8312,92.983,5.0,0.7,1.0130536534067358,0.9983674435111793,0.01305365340673571
2024,Singapore Grand Prix,OCO,Alpine,15.0,90.769,1.2439999999999998,99.943868852459,99.245,2.0,1,13,93.405,93.953,5.0,96.9850833325,96.95150000000001,18.0,93.405,93.953,5.0,0.75,1.0070418545262634,0.9941672964141645,0.007041854526263291
2024,Singapore Grand Prix,RIC,RB,16.0,91.085,1.559999999999988,100.69454098360656,99.251,4.0,3,18,92.717,92.652,3.0,96.9850833325,96.95150000000001,18.0,92.717,92.652,3.0,0.8,1.0145443469950586,1.0007015498855933,0.01454434699505852
2024,Singapore Grand Prix,STR,Aston Martin,17.0,91.094,1.5689999999999884,100.00232786885245,99.511,2.0,1,14,93.101166666,93.478,6.0,96.9850833325,96.95150000000001,18.0,93.101166666,93.478,6.0,0.85,1.0049374226854564,0.9959687484327864,0.004937422685456396
2024,Singapore Grand Prix,GAS,Alpine,18.0,91.312,1.786999999999992,100.19065573770492,99.498,2.0,1,17,93.2502,93.185,5.0,96.9850833325,96.95150000000001,18.0,93.2502,93.185,5.0,0.9,1.0069615041277704,1.000699683425444,0.006961504127770515
2024,Singapore Grand Prix,BOT,Kick Sauber,19.0,91.572,2.046999999999997,100.1704918032787,99.859,2.0,1,16,94.8384,95.066,5.0,96.9850833325,96.95150000000001,18.0,94.8384,95.066,5.0,0.95,1.003119316268726,0.9976058738139818,0.0031193162687258922
2024,Singapore Grand Prix,ZHO,Kick Sauber,20.0,92.054,2.5289999999999964,100.16050819672132,99.743,2.0,1,15,93.35225,93.3025,4.0,96.9850833325,96.95150000000001,18.0,93.35225,93.3025,4.0,1.0,1.0041858395749208,1.000533211864634,0.004185839574920834
2024,United States Grand Prix,NOR,McLaren,1.0,92.33,0.0,100.1584074074074,99.5345,2.0,1,4,88.4846,88.666,5.0,98.478944444,98.352,18.0,98.478944444,98.352,18.0,0.05,1.0062682527908153,1.0012907154302912,0.006268252790815256
2024,United States Grand Prix,VER,Red Bull Racing,2.0,92.361,0.0310000000000059,100.18392592592592,99.1485,2.0,1,3,88.4846,88.666,5.0,98.185388888,98.1785,18.0,98.185388888,98.1785,18.0,0.1,1.0104431829621823,1.0000701669713838,0.01044318296218219
2024,United States Grand Prix,SAI,Ferrari,3.0,92.652,0.3220000000000027,99.99779629629629,99.0395,2.0,1,2,88.4846,88.666,5.0,98.235777777,98.2945,18.0,98.235777777,98.2945,18.0,0.15,1.0096758999822928,0.9994025889241005,0.009675899982292745
2024,United States Grand Prix,LEC,Ferrari,4.0,92.74,0.4099999999999966,99.80833333333332,99.0505,2.0,1,1,88.4846,88.666,5.0,98.429777777,98.317,18.0,98.429777777,98.317,18.0,0.2,1.0076509793825708,1.001147083179918,0.007650979382570743
2024,United States Grand Prix,PIA,McLaren,5.0,92.95,0.6200000000000045,101.22374545454548,99.65,2.0,1,5,88.4846,88.666,5.0,99.538333333,99.392,18.0,99.538333333,99.392,18.0,0.25,1.0157927290972952,1.0014722848217161,0.01579272909729527
2024,United States Grand Prix,RUS,Mercedes,6.0,92.974,0.6440000000000055,102.10569090909092,99.965,2.0,2,6,88.4846,88.666,5.0,98.956555555,98.8595,18.0,98.956555555,98.8595,18.0,0.3,1.0214144041323556,1.0009817524365388,0.021414404132355534
2024,United States Grand Prix,GAS,Alpine,7.0,93.018,0.6880000000000024,102.45436363636364,100.73,2.0,1,12,88.4846,88.666,5.0,100.112833333,99.9825,18.0,100.112833333,99.9825,18.0,0.35,1.01711867007211,1.0013035614532544,0.01711867007210994
2024,United States Grand Prix,ALO,Aston Martin,8.0,93.309,0.9789999999999992,102.90420370370369,101.2345,2.0,1,13,88.4846,88.666,5.0,100.287222222,100.248,18.0,100.287222222,100.248,18.0,0.4,1.0164934256968097,1.00039125191525,0.016493425696809776
2024,United States Grand Prix,MAG,Haas F1 Team,9.0,93.481,1.1509999999999962,101.46892592592592,100.467,3.0,2,11,88.4846,88.666,5.0,99.353777777,99.2095,18.0,99.353777777,99.2095,18.0,0.45,1.009972686811848,1.0014542738044239,0.009972686811847842
2024,United States Grand Prix,PER,Red Bull Racing,10.0,93.02,0.6899999999999977,101.15807407407408,100.11,2.0,1,7,88.4846,88.666,5.0,99.518944444,99.6715,18.0,99.518944444,99.6715,18.0,0.5,1.0104692245936877,0.9984694164731143,0.010469224593687742
2024,United States Grand Prix,TSU,RB,11.0,93.506,1.176000000000002,102.00133962264152,101.002,2.0,1,14,88.4846,88.666,5.0,100.046,99.886,18.0,100.046,99.886,18.0,0.55,1.009894255783465,1.0016018260817332,0.009894255783464968
2024,United States Grand Prix,HUL,Haas F1 Team,12.0,93.544,1.2139999999999986,102.16325454545454,100.338,2.0,1,8,88.4846,88.666,5.0,99.363111111,99.3655,18.0,99.363111111,99.3655,18.0,0.6,1.0181910596728512,0.9999759585671083,0.018191059672851177
2024,United States Grand Prix,OCO,Alpine,13.0,93.597,1.266999999999996,103.72374074074077,101.4705,3.0,2,18,88.4846,88.666,5.0,100.041333333,100.0465,18.0,100.041333333,100.0465,18.0,0.65,1.022205870087767,0.9999483573438351,0.022205870087767032
2024,United States Grand Prix,STR,Aston Martin,14.0,93.759,1.429000000000002,102.34162264150945,101.498,2.0,1,15,88.4846,88.666,5.0,100.097944444,100.0755,18.0,100.097944444,100.0755,18.0,0.7,1.0083117168959925,1.0002242751122903,0.008311716895992442
2024,United States Grand Prix,LAW,RB,15.0,93.339,1.0090000000000003,101.46307407407409,100.6175,2.0,1,9,88.4846,88.666,5.0,100.158333333,99.996,18.0,100.158333333,99.996,18.0,0.75,1.0084038469856047,1.0016233982659306,0.008403846985604684
2024,United States Grand Prix,ALB,Williams,16.0,94.051,1.7210000000000036,103.17762962962964,101.618,3.0,2,16,88.4846,88.666,5.0,100.0345,99.8875,18.0,100.0345,99.8875,18.0,0.8,1.0153479662031297,1.001471655612564,0.015347966203129762
2024,United States Grand Prix,COL,Williams,17.0,94.062,1.731999999999999,102.37798181818184,100.591,2.0,1,10,88.4846,88.666,5.0,100.022611111,99.9185,18.0,100.022611111,99.9185,18.0,0.85,1.0177648280480545,1.0010419603076508,0.017764828048054432
2024,United States Grand Prix,BOT,Kick Sauber,18.0,94.152,1.8220000000000027,103.58574074074076,101.17,2.0,1,17,88.4846,88.666,5.0,100.663888888,100.424,18.0,100.663888888,100.424,18.0,0.9,1.0238780344048706,1.00238876053533,0.0238780344048706
2024,United States Grand Prix,HAM,Mercedes,19.0,94.154,1.823999999999998,108.064,108.064,1.0,0,20,88.4846,88.666,5.0,99.019833333,98.769,18.0,99.019833333,98.769,18.0,0.95,1.0,1.0025395957537282,0.0
2024,United States Grand Prix,ZHO,Kick Sauber,20.0,94.228,1.897999999999996,104.70689090909087,101.474,3.0,2,19,88.4846,88.666,5.0,100.536,100.3835,18.0,100.536,100.3835,18.0,1.0,1.0318593029652017,1.0015191739678333,0.03185930296520162
2024,Mexico City Grand Prix,SAI,Ferrari,1.0,75.946,0.0,85.29295774647888,81.079,2.0,1,1,81.171913043,81.689,23.0,96.9850833325,96.95150000000001,18.0,81.171913043,81.689,23.0,0.05,1.0519734795258808,0.9936700540219615,0.051973479525880724
2024,Mexico City Grand Prix,VER,Red Bull Racing,2.0,76.171,0.2250000000000085,86.1318028169014,81.58,2.0,1,6,88.4846,88.666,5.0,96.9850833325,96.95150000000001,18.0,76.171,76.171,76.171,0.1,1.0557955726514023,1.0,0.05579557265140231
2024,Mexico City Grand Prix,NOR,McLaren,3.0,76.26,0.3140000000000071,85.35922535211267,80.859,2.0,1,2,81.0097,81.7125,20.0,96.9850833325,96.95150000000001,18.0,81.0097,81.7125,20.0,0.15,1.05565521898753,0.9913991127428483,0.05565521898752989
2024,Mexico City Grand Prix,LEC,Ferrari,4.0,76.265,0.3190000000000026,85.77728169014082,81.262,3.0,2,3,80.80717647,81.448,17.0,96.9850833325,96.95150000000001,18.0,80.80717647,81.448,17.0,0.2,1.0555644912768678,0.9921321146007269,0.05556449127686772
2024,Mexico City Grand Prix,RUS,Mercedes,5.0,76.356,0.4099999999999966,85.97656338028169,81.708,2.0,1,5,79.041,79.041,1.0,96.9850833325,96.95150000000001,18.0,79.041,79.041,1.0,0.25,1.0522416823356548,1.0,0.052241682335654904
2024,Mexico City Grand Prix,HAM,Mercedes,6.0,76.651,0.7049999999999983,85.92366197183101,81.536,2.0,1,4,81.234368421,81.839,19.0,96.9850833325,96.95150000000001,18.0,81.234368421,81.839,19.0,0.3,1.053812573241648,0.9926119383301361,0.05381257324164796
2024,Mexico City Grand Prix,MAG,Haas F1 Team,7.0,76.886,0.9399999999999976,86.18932394366198,81.946,2.0,1,7,81.722111111,82.429,18.0,96.9850833325,96.95150000000001,18.0,81.722111111,82.429,18.0,0.35,1.0517819532821855,0.9914242695046647,0.05178195328218555
2024,Mexico City Grand Prix,GAS,Alpine,8.0,76.892,0.945999999999998,86.77695714285717,82.64,2.0,1,10,82.004333333,82.442,18.0,96.9850833325,96.95150000000001,18.0,82.004333333,82.442,18.0,0.4,1.05005998478772,0.9946912172557678,0.05005998478771987
2024,Mexico City Grand Prix,ALB,Williams,9.0,77.065,1.1189999999999998,95.81198245614036,92.7505,1.0,0,19,88.4846,88.666,5.0,96.9850833325,96.95150000000001,18.0,77.065,77.065,77.065,0.45,1.0330077191620568,1.0,0.033007719162056845
2024,Mexico City Grand Prix,HUL,Haas F1 Team,10.0,77.365,1.418999999999997,86.5502857142857,82.2795,2.0,1,9,81.798294117,82.478,17.0,96.9850833325,96.95150000000001,18.0,81.798294117,82.478,17.0,0.5,1.0519058296937356,0.9917589431969738,0.05190582969373547
2024,Mexico City Grand Prix,TSU,RB,11.0,77.129,1.183000000000007,95.81198245614036,92.7505,1.0,0,20,81.688944444,82.434,18.0,96.9850833325,96.95150000000001,18.0,81.688944444,82.434,18.0,0.55,1.0330077191620568,0.9909617929980348,0.033007719162056845
2024,Mexico City Grand Prix,LAW,RB,12.0,77.162,1.2160000000000082,87.43237142857143,83.1095,3.0,2,16,82.022117647,82.622,17.0,96.9850833325,96.95150000000001,18.0,82.022117647,82.622,17.0,0.6,1.0520141671959455,0.9927394355861635,0.052014167195945496
2024,Mexico City Grand Prix,ALO,Aston Martin,13.0,77.168,1.2220000000000084,101.74926666666668,84.366,1.0,0,18,80.907090909,81.014,11.0,96.9850833325,96.95150000000001,18.0,80.907090909,81.014,11.0,0.65,1.2060458794617106,0.9986803627644606,0.2060458794617107
2024,Mexico City Grand Prix,STR,Aston Martin,14.0,77.294,1.347999999999999,86.8696,82.8675,2.0,1,11,82.019647058,82.8,17.0,96.9850833325,96.95150000000001,18.0,82.019647058,82.8,17.0,0.7,1.0482951700003016,0.9905754475603865,0.04829517000030167
2024,Mexico City Grand Prix,BOT,Kick Sauber,15.0,77.817,1.8709999999999951,87.11467142857144,83.30799999999999,2.0,1,14,81.7748125,82.595,16.0,96.9850833325,96.95150000000001,18.0,81.7748125,82.595,16.0,0.75,1.0456939481030807,0.9900697681457715,0.04569394810308072
2024,Mexico City Grand Prix,COL,Williams,16.0,77.558,1.612000000000009,86.90424285714286,83.061,2.0,1,12,82.104388888,82.647,18.0,96.9850833325,96.95150000000001,18.0,82.104388888,82.647,18.0,0.8,1.046270125054392,0.993434593971953,0.046270125054392
2024,Mexico City Grand Prix,PIA,McLaren,17.0,77.597,1.6509999999999962,86.20743661971831,82.667,2.0,1,8,81.3926,81.9,20.0,96.9850833325,96.95150000000001,18.0,81.3926,81.9,20.0,0.85,1.042827689643005,0.9938046398046397,0.042827689643005144
2024,Mexico City Grand Prix,PER,Red Bull Racing,18.0,77.611,1.6650000000000065,87.55834285714286,82.816,4.0,3,17,81.702631578,82.477,19.0,96.9850833325,96.95150000000001,18.0,81.702631578,82.477,19.0,0.9,1.0572636067564585,0.9906110985850599,0.0572636067564584
2024,Mexico City Grand Prix,OCO,Alpine,19.0,77.617,1.6710000000000065,87.07804285714285,83.245,2.0,2,13,82.037526315,82.395,19.0,96.9850833325,96.95150000000001,18.0,82.037526315,82.395,19.0,0.95,1.0460453223273811,0.9956614638630985,0.046045322327381136
2024,Mexico City Grand Prix,ZHO,Kick Sauber,20.0,78.072,2.1260000000000048,87.39317142857142,83.5305,2.0,1,15,82.1115,82.828,16.0,96.9850833325,96.95150000000001,18.0,82.1115,82.828,16.0,1.0,1.0462426470399604,0.9913495436325881,0.046242647039960456
2024,São Paulo Grand Prix,NOR,McLaren,1.0,83.405,0.0,88.59928358208957,84.446,3.0,2,6,88.4846,88.666,5.0,72.34625,72.3065,20.0,72.34625,72.3065,20.0,0.05,1.0491827153694617,1.0005497431074661,0.0491827153694618
2024,São Paulo Grand Prix,RUS,Mercedes,2.0,83.578,0.1730000000000018,88.50752238805971,84.383,3.0,2,4,88.4846,88.666,5.0,72.7438,72.657,20.0,72.7438,72.657,20.0,0.1,1.048878593888102,1.001194654334751,0.04887859388810207
2024,São Paulo Grand Prix,TSU,RB,3.0,84.111,0.7060000000000031,88.80149253731345,84.762,3.0,2,7,88.4846,88.666,5.0,73.853142857,73.748,21.0,73.853142857,73.748,21.0,0.15,1.0476568808819218,1.0014257045208004,0.04765688088192173
2024,São Paulo Grand Prix,OCO,Alpine,4.0,84.475,1.0699999999999932,88.32616417910448,84.504,2.0,1,2,88.4846,88.666,5.0,73.59547619,73.464,21.0,73.59547619,73.464,21.0,0.2,1.0452305710866288,1.0017896682728955,0.04523057108662875
2024,São Paulo Grand Prix,LAW,RB,5.0,84.484,1.0789999999999935,89.1299104477612,84.834,3.0,2,9,88.4846,88.666,5.0,73.141619047,73.105,21.0,73.141619047,73.105,21.0,0.25,1.050639017938105,1.0005009102934137,0.05063901793810502
2024,São Paulo Grand Prix,LEC,Ferrari,6.0,84.525,1.1200000000000043,88.65179104477613,84.672,3.0,2,5,88.4846,88.666,5.0,72.51385,72.412,20.0,72.51385,72.412,20.0,0.3,1.04700244525671,1.0014065348284815,0.04700244525670984
2024,São Paulo Grand Prix,PIA,McLaren,8.0,84.686,1.281000000000006,88.7619552238806,84.869,3.0,2,8,88.4846,88.666,5.0,72.3439,72.2615,20.0,72.3439,72.2615,20.0,0.4,1.045870167244584,1.0011403029275618,0.04587016724458407
2024,São Paulo Grand Prix,ALO,Aston Martin,9.0,88.998,5.593000000000004,89.4820895522388,84.702,3.0,2,14,88.4846,88.666,5.0,74.38675,74.209,20.0,74.38675,74.209,20.0,0.45,1.0564341993369555,1.0023952620302121,0.056434199336955516
2024,São Paulo Grand Prix,STR,Aston Martin,10.0,86.334,2.929000000000002,95.81198245614036,92.7505,1.0,0,19,88.4846,88.666,5.0,74.540047619,74.269,21.0,74.540047619,74.269,21.0,0.5,1.0330077191620568,1.0036495390943732,0.033007719162056845
2024,São Paulo Grand Prix,BOT,Kick Sauber,11.0,86.472,3.066999999999993,89.53307462686567,85.203,2.0,1,13,88.4846,88.666,5.0,74.025619047,73.991,21.0,74.025619047,73.991,21.0,0.55,1.0508206826856528,1.0004678818640105,0.05082068268565269
2024,São Paulo Grand Prix,VER,Red Bull Racing,12.0,87.771,4.366,88.0506119402985,84.269,2.0,1,1,88.4846,88.666,5.0,72.32565,72.3195,20.0,72.32565,72.3195,20.0,0.6,1.0448754813786623,1.0000850393047518,0.04487548137866225
2024,São Paulo Grand Prix,PER,Red Bull Racing,13.0,88.158,4.753,89.38244776119404,85.253,3.0,2,11,88.4846,88.666,5.0,72.894714285,72.849,21.0,72.894714285,72.849,21.0,0.65,1.0484375653782745,1.0006275211053,0.04843756537827459
2024,São Paulo Grand Prix,SAI,Ferrari,14.0,89.406,6.001000000000005,90.7143888888889,86.176,3.0,3,16,88.4846,88.666,5.0,72.687,72.396,21.0,72.687,72.396,21.0,0.7,1.0526641859553576,1.0040195590916625,0.05266418595535768
2024,São Paulo Grand Prix,GAS,Alpine,15.0,89.614,6.209000000000003,88.44259701492538,84.41,2.0,1,3,88.4846,88.666,5.0,73.069619047,73.049,21.0,73.069619047,73.049,21.0,0.75,1.047773925067236,1.0002822632342674,0.04777392506723595
2024,São Paulo Grand Prix,HAM,Mercedes,16.0,91.15,7.745000000000003,89.13016417910445,84.825,3.0,2,10,88.4846,88.666,5.0,73.434,73.41,21.0,73.434,73.41,21.0,0.8,1.050753482807008,1.0003269309358398,0.05075348280700798
2024,São Paulo Grand Prix,BEA,Haas F1 Team,17.0,91.229,7.823999999999998,89.37219402985076,85.027,3.0,2,12,88.4846,88.666,5.0,73.729571428,73.388,21.0,73.729571428,73.388,21.0,0.85,1.0511036968239589,1.0046543226140512,0.05110369682395897
2024,São Paulo Grand Prix,COL,Williams,18.0,91.27,7.864999999999995,90.27536666666668,85.79849999999999,2.0,1,17,88.4846,88.666,5.0,73.617571428,73.47,21.0,73.617571428,73.47,21.0,0.9,1.0521788453955103,1.002008594365047,0.052178845395510355
2024,São Paulo Grand Prix,HUL,Haas F1 Team,19.0,91.623,8.218000000000004,88.30792592592591,85.005,4.0,3,20,88.4846,88.666,5.0,73.564388888,73.413,18.0,73.564388888,73.413,18.0,0.95,1.038855666442279,1.0020621536785037,0.03885566644227892
2024,São Paulo Grand Prix,ZHO,Kick Sauber,20.0,92.263,8.858000000000004,90.41636363636364,86.05199999999999,5.0,4,15,88.4846,88.666,5.0,74.239380952,74.227,21.0,74.239380952,74.227,21.0,1.0,1.0507177478311214,1.000166798496504,0.05071774783112129
2024,Las Vegas Grand Prix,RUS,Mercedes,1.0,92.312,0.0,98.51938,97.7315,3.0,2,1,97.483692307,98.576,13.0,96.9850833325,96.95150000000001,18.0,97.483692307,98.576,13.0,0.05,1.0080616791924815,0.988919131502597,0.008061679192481455
2024,Las Vegas Grand Prix,SAI,Ferrari,2.0,92.41,0.0979999999999989,98.75749999999998,97.7685,3.0,2,3,97.500727272,98.368,11.0,96.9850833325,96.95150000000001,18.0,97.500727272,98.368,11.0,0.1,1.0101157325723518,0.991183385572544,0.010115732572351788
2024,Las Vegas Grand Prix,GAS,Alpine,3.0,92.664,0.3520000000000038,102.46486666666668,99.956,2.0,1,20,98.092666666,99.0585,12.0,96.9850833325,96.95150000000001,18.0,98.092666666,99.0585,12.0,0.15,1.025099710539304,0.9902498691783139,0.02509971053930406
2024,Las Vegas Grand Prix,LEC,Ferrari,4.0,92.783,0.4710000000000036,98.80504,97.964,3.0,2,4,97.07390909,97.967,11.0,96.9850833325,96.95150000000001,18.0,97.07390909,97.967,11.0,0.2,1.0085851945612674,0.9908837576939173,0.008585194561267473
2024,Las Vegas Grand Prix,VER,Red Bull Racing,5.0,92.797,0.4849999999999994,98.85102,97.7045,3.0,2,5,98.2549,98.5125,10.0,96.9850833325,96.95150000000001,18.0,98.2549,98.5125,10.0,0.25,1.011734566985144,0.9973851034132725,0.011734566985144078
2024,Las Vegas Grand Prix,NOR,McLaren,6.0,93.008,0.695999999999998,99.38707999999998,98.3585,4.0,3,6,97.89125,98.4905,8.0,96.9850833325,96.95150000000001,18.0,97.89125,98.4905,8.0,0.3,1.0104574591926472,0.9939156568399998,0.010457459192647069
2024,Las Vegas Grand Prix,TSU,RB,7.0,93.029,0.7169999999999987,99.77554,98.5625,3.0,2,9,98.573363636,99.019,11.0,96.9850833325,96.95150000000001,18.0,98.573363636,99.019,11.0,0.35,1.01230731769182,0.995499486320807,0.012307317691819978
2024,Las Vegas Grand Prix,PIA,McLaren,8.0,93.033,0.7210000000000036,99.54668,98.3285,3.0,2,7,97.584307692,98.163,13.0,96.9850833325,96.95150000000001,18.0,97.584307692,98.163,13.0,0.4,1.0123888801313963,0.9941047817609486,0.012388880131396182
2024,Las Vegas Grand Prix,HUL,Haas F1 Team,9.0,93.062,0.75,99.71553999999998,98.57,3.0,2,8,98.6035,99.1465,12.0,96.9850833325,96.95150000000001,18.0,98.6035,99.1465,12.0,0.45,1.0116215887186768,0.9945232559898735,0.011621588718676907
2024,Las Vegas Grand Prix,HAM,Mercedes,10.0,108.106,15.793999999999995,98.66564,97.339,3.0,2,2,96.859625,97.228,8.0,96.9850833325,96.95150000000001,18.0,96.859625,97.228,8.0,0.5,1.013629069540472,0.9962112251614761,0.013629069540471935
2024,Las Vegas Grand Prix,OCO,Alpine,11.0,93.221,0.909000000000006,100.57202040816328,99.388,4.0,3,17,98.16975,98.947,12.0,96.9850833325,96.95150000000001,18.0,98.16975,98.947,12.0,0.55,1.0119131123290868,0.9921447845816447,0.011913112329086787
2024,Las Vegas Grand Prix,MAG,Haas F1 Team,12.0,93.297,0.9849999999999994,99.91544,99.0585,2.0,1,12,97.837833333,98.5415,6.0,96.9850833325,96.95150000000001,18.0,97.837833333,98.5415,6.0,0.6,1.0086508477313911,0.9928591845364644,0.008650847731391135
2024,Las Vegas Grand Prix,ZHO,Kick Sauber,13.0,93.566,1.2540000000000049,100.00108000000002,99.331,3.0,2,13,97.5644,97.639,5.0,96.9850833325,96.95150000000001,18.0,97.5644,97.639,5.0,0.65,1.00674593027353,0.9992359610401582,0.006745930273530045
2024,Las Vegas Grand Prix,COL,Williams,14.0,93.749,1.4369999999999976,100.02282,98.512,3.0,3,14,98.0135,98.268,8.0,96.9850833325,96.95150000000001,18.0,98.0135,98.268,8.0,0.7,1.01533640571707,0.997410143688688,0.015336405717069955
2024,Las Vegas Grand Prix,LAW,RB,15.0,94.257,1.9450000000000076,100.33948,99.41,3.0,2,16,98.19125,98.3505,8.0,96.9850833325,96.95150000000001,18.0,98.19125,98.3505,8.0,0.75,1.0093499647922743,0.9983807911500195,0.0093499647922744
2024,Las Vegas Grand Prix,PER,Red Bull Racing,16.0,94.155,1.8430000000000035,99.78166,98.343,3.0,2,10,98.1556,98.5975,10.0,96.9850833325,96.95150000000001,18.0,98.1556,98.5975,10.0,0.8,1.0146290025726283,0.9955181419407186,0.01462900257262844
2024,Las Vegas Grand Prix,ALO,Aston Martin,17.0,94.258,1.945999999999998,99.90327999999998,98.595,3.0,2,11,96.26725,96.1555,4.0,96.9850833325,96.95150000000001,18.0,96.26725,96.1555,4.0,0.85,1.0132692327197117,1.0011621800105037,0.013269232719711772
2024,Las Vegas Grand Prix,ALB,Williams,18.0,94.425,2.1129999999999995,101.28084,99.537,2.0,1,19,99.629,99.629,1.0,96.9850833325,96.95150000000001,18.0,99.629,99.629,1.0,0.9,1.0175195153560987,1.0,0.017519515356098653
2024,Las Vegas Grand Prix,BOT,Kick Sauber,19.0,94.43,2.118000000000009,100.76028571428571,99.581,3.0,2,18,98.1443,99.358,10.0,96.9850833325,96.95150000000001,18.0,98.1443,99.358,10.0,0.95,1.0118424771219983,0.9877845769842388,0.011842477121998289
2024,Las Vegas Grand Prix,STR,Aston Martin,20.0,94.484,2.171999999999997,100.20142,98.651,3.0,2,15,97.867222222,97.648,9.0,96.9850833325,96.95150000000001,18.0,97.867222222,97.648,9.0,1.0,1.015716211695776,1.00224502521301,0.015716211695776045
2024,Qatar Grand Prix,VER,Red Bull Racing,1.0,80.52,0.0,91.00656603773584,84.896,4.0,3,1,88.4846,88.666,5.0,85.541222222,85.38,18.0,85.541222222,85.38,18.0,0.05,1.0719770782809064,1.0018882902553292,0.07197707828090648
2024,Qatar Grand Prix,RUS,Mercedes,2.0,80.575,0.0550000000000068,96.04257894736844,85.973,5.0,4,4,88.4846,88.666,5.0,85.230111111,85.28,18.0,85.230111111,85.28,18.0,0.1,1.1171248990656188,0.999414998956379,0.11712489906561876
2024,Qatar Grand Prix,NOR,McLaren,3.0,80.772,0.2520000000000095,92.8209259259259,85.143,5.0,4,10,88.4846,88.666,5.0,85.303388888,85.403,18.0,85.303388888,85.403,18.0,0.15,1.090176831048071,0.9988336345093263,0.09017683104807095
2024,Qatar Grand Prix,PIA,McLaren,4.0,80.829,0.3089999999999975,94.76075000000002,85.5755,4.0,3,3,88.4846,88.666,5.0,85.235055555,85.074,18.0,85.235055555,85.074,18.0,0.2,1.107335043324316,1.0018931231045913,0.10733504332431607
2024,Qatar Grand Prix,LEC,Ferrari,5.0,80.852,0.3320000000000078,93.57574545454546,85.323,4.0,3,2,88.4846,88.666,5.0,85.35,85.2435,18.0,85.35,85.2435,18.0,0.25,1.0967235734156728,1.001249362121452,0.09672357341567295
2024,Qatar Grand Prix,HAM,Mercedes,6.0,81.011,0.4909999999999996,94.06752727272728,86.532,5.0,4,12,88.4846,88.666,5.0,85.433,85.448,18.0,85.433,85.448,18.0,0.3,1.087083706290474,0.9998244546390789,0.08708370629047381
2024,Qatar Grand Prix,SAI,Ferrari,7.0,81.041,0.5210000000000008,96.18945614035088,85.568,4.0,3,6,88.4846,88.666,5.0,85.224055555,85.294,18.0,85.224055555,85.294,18.0,0.35,1.1241288348489025,0.9991799605482216,0.12412883484890247
2024,Qatar Grand Prix,ALO,Aston Martin,8.0,81.251,0.7310000000000088,96.23140350877192,86.687,4.0,3,7,88.4846,88.666,5.0,86.012277777,85.7165,18.0,86.012277777,85.7165,18.0,0.4,1.1101019011936268,1.0034506515898338,0.11010190119362674
2024,Qatar Grand Prix,PER,Red Bull Racing,9.0,81.425,0.9050000000000012,95.4564054054054,86.455,4.0,3,17,88.4846,88.666,5.0,86.379875,86.245,16.0,86.379875,86.245,16.0,0.45,1.1041166549697,1.0015638587744216,0.10411665496969993
2024,Qatar Grand Prix,MAG,Haas F1 Team,10.0,81.5,0.980000000000004,96.44736842105264,86.65,4.0,3,9,88.4846,88.666,5.0,85.772388888,85.536,18.0,85.772388888,85.536,18.0,0.5,1.1130683026088013,1.0027636186868687,0.11306830260880137
2024,Qatar Grand Prix,GAS,Alpine,11.0,81.437,0.9170000000000016,96.1772807017544,86.514,4.0,3,5,88.4846,88.666,5.0,85.805833333,85.4675,18.0,85.805833333,85.4675,18.0,0.55,1.1116961497763878,1.0039586197443473,0.11169614977638767
2024,Qatar Grand Prix,ZHO,Kick Sauber,12.0,81.501,0.9810000000000088,96.32777192982456,86.609,4.0,3,8,88.4846,88.666,5.0,86.669714285,86.185,14.0,86.669714285,86.185,14.0,0.6,1.1122143418100263,1.0056241142310147,0.11221434181002633
2024,Qatar Grand Prix,BOT,Kick Sauber,13.0,81.731,1.2109999999999983,94.4432,87.753,4.0,3,11,88.4846,88.666,5.0,86.183333333,85.8815,18.0,86.183333333,85.8815,18.0,0.65,1.0762389889804338,1.0035145326176182,0.07623898898043377
2024,Qatar Grand Prix,TSU,RB,14.0,81.771,1.2510000000000048,96.9547894736842,87.574,5.0,4,13,88.4846,88.666,5.0,86.663333333,86.3895,18.0,86.663333333,86.3895,18.0,0.7,1.1071184309690572,1.0031697524930692,0.10711843096905706
2024,Qatar Grand Prix,STR,Aston Martin,15.0,81.911,1.3910000000000051,121.44525,132.9465,3.0,2,18,88.4846,88.666,5.0,86.226277777,85.9085,18.0,86.226277777,85.9085,18.0,0.75,0.9134896368087916,1.003699026021872,0.08651036319120839
2024,Qatar Grand Prix,ALB,Williams,16.0,82.39,1.8700000000000043,97.82664285714286,87.578,5.0,4,15,88.4846,88.666,5.0,86.663666666,86.4225,18.0,86.663666666,86.4225,18.0,0.8,1.1170230292669718,1.0027905541496716,0.11702302926697178
2024,Qatar Grand Prix,LAW,RB,17.0,82.411,1.8910000000000051,95.86683928571428,87.57,5.0,4,14,88.4846,88.666,5.0,86.672833333,86.411,18.0,86.672833333,86.411,18.0,0.85,1.0947452242287803,1.0030300926155236,0.09474522422878023
2024,Qatar Grand Prix,HUL,Haas F1 Team,18.0,82.442,1.921999999999997,98.32071794871794,87.908,5.0,4,16,88.4846,88.666,5.0,85.501722222,85.477,18.0,85.501722222,85.477,18.0,0.9,1.1184501745997855,1.000289226598968,0.11845017459978546
2024,Qatar Grand Prix,COL,Williams,19.0,82.594,2.073999999999998,95.81198245614036,92.7505,1.0,0,19,88.4846,88.666,5.0,86.411611111,86.202,18.0,86.411611111,86.202,18.0,0.95,1.0330077191620568,1.002431627004014,0.033007719162056845
2024,Qatar Grand Prix,OCO,Alpine,20.0,82.714,2.1940000000000026,95.81198245614036,92.7505,1.0,0,20,88.4846,88.666,5.0,86.535,86.369,18.0,86.535,86.369,18.0,1.0,1.0330077191620568,1.001921985897718,0.033007719162056845
2024,Abu Dhabi Grand Prix,NOR,McLaren,1.0,82.595,0.0,89.53949999999999,88.4265,2.0,1,1,85.3434,84.501,5.0,96.9850833325,96.95150000000001,18.0,85.3434,84.501,5.0,0.05,1.0125867245678613,1.0099691127915646,0.012586724567861278
2024,Abu Dhabi Grand Prix,PIA,McLaren,2.0,82.804,0.2090000000000031,90.98468965517242,89.58699999999999,3.0,2,10,86.586,85.5445,10.0,96.9850833325,96.95150000000001,18.0,86.586,85.5445,10.0,0.1,1.015601478508851,1.012174949879887,0.015601478508850929
2024,Abu Dhabi Grand Prix,SAI,Ferrari,3.0,82.824,0.2289999999999992,89.64005172413792,88.479,2.0,1,2,84.794,84.678,6.0,96.9850833325,96.95150000000001,18.0,84.794,84.678,6.0,0.15,1.013122342297471,1.0013698953683365,0.01312234229747081
2024,Abu Dhabi Grand Prix,HUL,Haas F1 Team,4.0,82.886,0.2909999999999968,90.84215517241378,89.7865,2.0,1,8,87.128857142,88.309,14.0,96.9850833325,96.95150000000001,18.0,87.128857142,88.309,14.0,0.2,1.0117573930648125,0.9866362108278884,0.011757393064812405
2024,Abu Dhabi Grand Prix,VER,Red Bull Racing,5.0,82.945,0.3499999999999943,90.39893103448276,89.4285,2.0,1,6,85.20025,85.1115,4.0,96.9850833325,96.95150000000001,18.0,85.20025,85.1115,4.0,0.25,1.0108514739091314,1.001042749804668,0.010851473909131402
2024,Abu Dhabi Grand Prix,GAS,Alpine,6.0,82.984,0.3889999999999958,90.79053448275862,89.65,2.0,1,7,85.235,85.398,5.0,96.9850833325,96.95150000000001,18.0,85.235,85.398,5.0,0.3,1.0127220801200068,0.9980912901941498,0.01272208012000681
2024,Abu Dhabi Grand Prix,RUS,Mercedes,7.0,83.132,0.5370000000000061,90.18670689655174,88.9085,2.0,1,5,85.2475,85.329,4.0,96.9850833325,96.95150000000001,18.0,85.2475,85.329,4.0,0.35,1.0143766557365352,0.999044873372476,0.014376655736535165
2024,Abu Dhabi Grand Prix,ALO,Aston Martin,8.0,83.196,0.6009999999999991,90.95972413793103,89.7705,3.0,2,9,85.14875,85.1555,4.0,96.9850833325,96.95150000000001,18.0,85.14875,85.1555,4.0,0.4,1.013247382357579,0.999920733246825,0.01324738235757888
2024,Abu Dhabi Grand Prix,BOT,Kick Sauber,9.0,83.204,0.6089999999999947,94.90933333333332,90.2885,2.0,1,18,85.0508,85.54,5.0,96.9850833325,96.95150000000001,18.0,85.0508,85.54,5.0,0.45,1.05117853694915,0.9942810381108252,0.05117853694914992
2024,Abu Dhabi Grand Prix,PER,Red Bull Racing,10.0,83.264,0.6689999999999969,95.81198245614036,92.7505,1.0,0,20,85.8828,85.381,5.0,96.9850833325,96.95150000000001,18.0,85.8828,85.381,5.0,0.5,1.0330077191620568,1.0058771857907498,0.033007719162056845
2024,Abu Dhabi Grand Prix,TSU,RB,11.0,83.419,0.8239999999999981,91.3689298245614,89.911,2.0,1,12,85.263,85.3155,6.0,96.9850833325,96.95150000000001,18.0,85.263,85.3155,6.0,0.55,1.0162152553587593,0.999384637023753,0.016215255358759263
2024,Abu Dhabi Grand Prix,LAW,RB,12.0,83.472,0.8769999999999953,92.30816363636364,89.869,4.0,3,17,85.1144,85.447,5.0,96.9850833325,96.95150000000001,18.0,85.1144,85.447,5.0,0.6,1.0271413238865865,0.9961075286434866,0.027141323886586532
2024,Abu Dhabi Grand Prix,STR,Aston Martin,13.0,83.784,1.1890000000000072,91.34673684210526,90.05,3.0,2,14,85.693666666,85.832,6.0,96.9850833325,96.95150000000001,18.0,85.693666666,85.832,6.0,0.65,1.014400187030597,0.9983883244710599,0.014400187030597015
2024,Abu Dhabi Grand Prix,LEC,Ferrari,14.0,83.833,1.2379999999999995,90.08998275862068,88.67599999999999,2.0,1,3,85.1784,84.744,5.0,96.9850833325,96.95150000000001,18.0,85.1784,84.744,5.0,0.7,1.0159454954961962,1.0051260266213538,0.01594549549619616
2024,Abu Dhabi Grand Prix,MAG,Haas F1 Team,15.0,83.877,1.2819999999999965,92.47171929824562,90.25,5.0,4,16,85.2546,85.561,5.0,96.9850833325,96.95150000000001,18.0,85.2546,85.561,5.0,0.75,1.0246173883462117,0.9964189291850257,0.02461738834621182
2024,Abu Dhabi Grand Prix,ALB,Williams,16.0,83.821,1.225999999999999,91.3077543859649,90.058,2.0,1,11,86.13375,85.549,4.0,96.9850833325,96.95150000000001,18.0,86.13375,85.549,4.0,0.8,1.0138772167488161,1.006835264000748,0.013877216748816222
2024,Abu Dhabi Grand Prix,ZHO,Kick Sauber,17.0,83.88,1.2849999999999966,91.41394736842103,90.017,3.0,2,13,85.171,84.777,3.0,96.9850833325,96.95150000000001,18.0,85.171,84.777,3.0,0.85,1.0155187061157451,1.0046474869363153,0.015518706115745233
2024,Abu Dhabi Grand Prix,HAM,Mercedes,18.0,83.887,1.2920000000000016,90.1685172413793,89.6605,2.0,1,4,86.104571428,85.331,7.0,96.9850833325,96.95150000000001,18.0,86.104571428,85.331,7.0,0.9,1.00566600946213,1.0090655380576812,0.005666009462129996
2024,Abu Dhabi Grand Prix,COL,Williams,19.0,83.912,1.3170000000000073,95.01653846153847,90.352,2.0,1,19,85.397333333,85.351,3.0,96.9850833325,96.95150000000001,18.0,85.397333333,85.351,3.0,0.95,1.0516262889757666,1.0005428563578636,0.05162628897576667
2024,Abu Dhabi Grand Prix,DOO,Alpine,20.0,84.105,1.5100000000000051,91.5762456140351,90.404,2.0,1,15,86.817,86.599,6.0,96.9850833325,96.95150000000001,18.0,86.817,86.599,6.0,1.0,1.012966744989548,1.0025173500848739,0.012966744989548092
2025,Pre-Season Testing,RUS,Mercedes,1.0,89.158,0.0,97.1349516129032,96.66,2.0,1,1,93.231,93.231,1.0,96.9850833325,96.95150000000001,18.0,93.231,93.231,1.0,0.05,1.0049136314184068,1.0,0.0049136314184067605
2025,Pre-Season Testing,VER,Red Bull Racing,2.0,89.34,0.1820000000000021,97.22253225806452,96.6235,2.0,1,2,93.376142857,93.62,7.0,96.9850833325,96.95150000000001,18.0,93.376142857,93.62,7.0,0.1,1.0061996538943891,0.9973952452146977,0.006199653894389163
2025,Pre-Season Testing,PIA,McLaren,3.0,89.524,0.3659999999999996,97.2663387096774,96.767,2.0,1,4,93.304,93.6875,8.0,96.9850833325,96.95150000000001,18.0,93.304,93.6875,8.0,0.15,1.0051602169094567,0.9959066044029353,0.005160216909456766
2025,Pre-Season Testing,ANT,Mercedes,4.0,89.537,0.3790000000000049,97.6781935483871,97.0035,2.0,1,5,94.77725,94.8025,4.0,96.9850833325,96.95150000000001,18.0,94.77725,94.8025,4.0,0.2,1.0069553526252877,0.9997336568128478,0.006955352625287717
2025,Pre-Season Testing,NOR,McLaren,5.0,89.586,0.4279999999999972,97.23279032258066,96.75,2.0,1,3,92.8972,92.226,5.0,96.9850833325,96.95150000000001,18.0,92.8972,92.226,5.0,0.25,1.0049900808535468,1.007277774163468,0.004990080853546823
2025,Pre-Season Testing,HAM,Ferrari,6.0,89.688,0.5300000000000011,98.42932258064516,97.058,3.0,2,8,92.098333333,91.834,3.0,96.9850833325,96.95150000000001,18.0,92.098333333,91.834,3.0,0.3,1.0141288979851755,1.0028783820044864,0.014128897985175422
2025,Pre-Season Testing,LEC,Ferrari,7.0,89.784,0.6260000000000048,97.87682258064515,97.369,2.0,1,6,92.3325,92.3305,4.0,96.9850833325,96.95150000000001,18.0,92.3325,92.3305,4.0,0.35,1.0052154441418228,1.0000216613145168,0.005215444141822902
2025,Pre-Season Testing,HAD,Racing Bulls,8.0,89.846,0.6880000000000024,99.01150819672132,98.372,2.0,1,11,92.308,92.056,4.0,96.9850833325,96.95150000000001,18.0,92.308,92.056,4.0,0.4,1.0065009168942516,1.0027374641522553,0.0065009168942516465
2025,Pre-Season Testing,BEA,Haas F1 Team,9.0,89.868,0.7099999999999937,98.64345161290323,98.37,2.0,1,9,92.89025,92.9775,4.0,96.9850833325,96.95150000000001,18.0,92.89025,92.9775,4.0,0.45,1.0027798273142547,0.9990616009249549,0.0027798273142546513
2025,Pre-Season Testing,ALO,Aston Martin,10.0,89.955,0.796999999999997,98.43603225806451,97.8685,2.0,1,7,92.682166666,92.554,6.0,96.9850833325,96.95150000000001,18.0,92.682166666,92.554,6.0,0.5,1.0057989267033265,1.0013847771679236,0.005798926703326579
2025,Pre-Season Testing,HUL,Kick Sauber,11.0,90.141,0.983000000000004,99.53126229508196,98.437,3.0,2,20,92.9604,93.352,5.0,96.9850833325,96.95150000000001,18.0,92.9604,93.352,5.0,0.55,1.0111163718427214,0.9958051246893479,0.011116371842721346
2025,Pre-Season Testing,LAW,Racing Bulls,12.0,90.32,1.161999999999992,99.17232786885243,98.696,2.0,1,15,93.2545,93.2545,2.0,96.9850833325,96.95150000000001,18.0,93.2545,93.2545,2.0,0.6,1.004826212499518,1.0,0.004826212499518082
2025,Pre-Season Testing,TSU,Red Bull Racing,13.0,90.353,1.1949999999999932,99.04321311475412,98.365,2.0,1,12,93.66875,93.6305,4.0,96.9850833325,96.95150000000001,18.0,93.66875,93.6305,4.0,0.65,1.006894862143589,1.0004085207277544,0.006894862143588973
2025,Pre-Season Testing,BOR,Kick Sauber,14.0,90.82,1.661999999999992,99.49377049180328,98.65,2.0,1,17,92.97875,92.9,4.0,96.9850833325,96.95150000000001,18.0,92.97875,92.9,4.0,0.7,1.0085531727501598,1.0008476856835307,0.00855317275015985
2025,Pre-Season Testing,STR,Aston Martin,15.0,90.949,1.7909999999999968,99.12880327868852,98.67,2.0,1,13,93.123666666,93.053,6.0,96.9850833325,96.95150000000001,18.0,93.123666666,93.053,6.0,0.75,1.004649876139541,1.0007594238337292,0.004649876139541104
2025,Pre-Season Testing,COL,Alpine,16.0,90.982,1.823999999999998,99.4304426229508,98.649,2.0,1,16,94.05425,93.9015,4.0,96.9850833325,96.95150000000001,18.0,94.05425,93.9015,4.0,0.8,1.0079214449507932,1.0016267045787342,0.007921444950793275
2025,Pre-Season Testing,OCO,Haas F1 Team,17.0,90.989,1.831000000000003,99.5,98.617,2.0,1,18,92.905,93.002,6.0,96.9850833325,96.95150000000001,18.0,92.905,93.002,6.0,0.85,1.0089538314894997,0.9989570116771683,0.008953831489499737
2025,Pre-Season Testing,GAS,Alpine,18.0,91.261,2.1029999999999944,99.50537704918034,98.72,3.0,3,19,93.706333333,93.351,6.0,96.9850833325,96.95150000000001,18.0,93.706333333,93.351,6.0,0.9,1.007955602199963,1.0038064223521976,0.007955602199962927
2025,Pre-Season Testing,ALB,Williams,19.0,86.987,1.0050000000000097,99.14240983606558,98.507,2.0,2,14,93.6974,93.282,5.0,96.9850833325,96.95150000000001,18.0,93.6974,93.282,5.0,0.95,1.0064504028755883,1.0044531635256535,0.0064504028755883016
2025,Pre-Season Testing,SAI,Williams,20.0,86.987,1.0050000000000097,98.90362295081968,98.477,2.0,1,10,93.082428571,92.791,7.0,96.9850833325,96.95150000000001,18.0,93.082428571,92.791,7.0,1.0,1.0043322090520597,1.0031406986776734,0.0043322090520596405
2025,Australian Grand Prix,NOR,McLaren,1.0,75.096,0.0,103.42830188679248,90.795,6.0,5,1,78.747833333,77.746,6.0,96.9850833325,96.95150000000001,18.0,78.747833333,77.746,6.0,0.05,1.1391409426377277,1.012885979124328,0.13914094263772764
2025,Australian Grand Prix,PIA,McLaren,2.0,75.18,0.0840000000000031,102.08446153846154,91.3335,6.0,5,9,77.3938,77.495,5.0,96.9850833325,96.95150000000001,18.0,77.3938,77.495,5.0,0.1,1.1177110429192085,0.9986941092973739,0.1177110429192086
2025,Australian Grand Prix,VER,Red Bull Racing,3.0,75.481,0.3849999999999909,103.34115094339624,91.598,6.0,5,2,78.4898,77.893,5.0,96.9850833325,96.95150000000001,18.0,78.4898,77.893,5.0,0.15,1.1282031370051337,1.007661792458886,0.12820313700513378
2025,Australian Grand Prix,RUS,Mercedes,4.0,75.546,0.4500000000000028,103.68633962264153,91.885,6.0,5,3,79.6387,79.843,10.0,96.9850833325,96.95150000000001,18.0,79.6387,79.843,10.0,0.2,1.1284359756504492,0.9974412284107561,0.12843597565044915
2025,Australian Grand Prix,TSU,Racing Bulls,5.0,75.67,0.5739999999999981,104.08569811320754,93.444,6.0,5,12,77.461,77.65,3.0,96.9850833325,96.95150000000001,18.0,77.461,77.65,3.0,0.25,1.1138831611789686,0.9975660012878299,0.11388316117896857
2025,Australian Grand Prix,ALB,Williams,6.0,75.737,0.6409999999999911,104.67238888888888,93.1205,6.0,5,5,78.508166666,77.626,6.0,96.9850833325,96.95150000000001,18.0,78.508166666,77.626,6.0,0.3,1.124053123521554,1.0113643195063509,0.12405312352155398
2025,Australian Grand Prix,LEC,Ferrari,7.0,75.755,0.6589999999999918,103.9335283018868,92.614,6.0,5,8,79.490818181,80.825,11.0,96.9850833325,96.95150000000001,18.0,79.490818181,80.825,11.0,0.35,1.1222226477842097,0.9834929561521806,0.12222264778420963
2025,Australian Grand Prix,HAM,Ferrari,8.0,75.973,0.8769999999999953,103.9671886792453,93.017,6.0,5,10,78.695714285,78.027,7.0,96.9850833325,96.95150000000001,18.0,78.695714285,78.027,7.0,0.4,1.1177224451363224,1.008570293424071,0.1177224451363224
2025,Australian Grand Prix,GAS,Alpine,9.0,75.98,0.8840000000000003,104.88916666666664,93.1995,6.0,5,11,78.5446,78.499,5.0,96.9850833325,96.95150000000001,18.0,78.5446,78.499,5.0,0.45,1.1254262808992177,1.000580899119734,0.1254262808992177
2025,Australian Grand Prix,SAI,Williams,10.0,76.062,0.965999999999994,95.81198245614036,92.7505,1.0,0,18,78.0158,77.437,5.0,96.9850833325,96.95150000000001,18.0,78.0158,77.437,5.0,0.5,1.0330077191620568,1.007474463111949,0.033007719162056845
2025,Australian Grand Prix,HAD,Racing Bulls,11.0,76.175,1.0789999999999935,95.81198245614036,92.7505,1.0,0,20,77.9115,78.0365,4.0,96.9850833325,96.95150000000001,18.0,77.9115,78.0365,4.0,0.55,1.0330077191620568,0.9983981854644942,0.033007719162056845
2025,Australian Grand Prix,ALO,Aston Martin,12.0,76.453,1.356999999999999,98.51737931034482,92.61,4.0,3,17,77.834,77.747,4.0,96.9850833325,96.95150000000001,18.0,77.834,77.747,4.0,0.6,1.063787704463285,1.0011190142384916,0.06378770446328498
2025,Australian Grand Prix,STR,Aston Martin,13.0,76.483,1.3870000000000005,104.73012962962964,94.084,6.0,5,6,78.125,78.1815,4.0,96.9850833325,96.95150000000001,18.0,78.125,78.1815,4.0,0.65,1.1131555804348203,0.9992773226402666,0.11315558043482038
2025,Australian Grand Prix,DOO,Alpine,14.0,76.863,1.766999999999996,95.81198245614036,92.7505,1.0,0,19,78.452333333,78.025,6.0,96.9850833325,96.95150000000001,18.0,78.452333333,78.025,6.0,0.7,1.0330077191620568,1.005476877065043,0.033007719162056845
2025,Australian Grand Prix,BOR,Kick Sauber,15.0,77.52,2.4239999999999924,102.65563414634146,94.102,6.0,5,16,78.8572,78.706,5.0,96.9850833325,96.95150000000001,18.0,78.8572,78.706,5.0,0.75,1.0908974745100153,1.0019210733616244,0.0908974745100152
2025,Australian Grand Prix,ANT,Mercedes,16.0,76.525,1.429000000000002,104.57937037037036,94.24,6.0,5,4,78.949666666,78.5485,6.0,96.9850833325,96.95150000000001,18.0,78.949666666,78.5485,6.0,0.8,1.1097131830472238,1.005107247955085,0.1097131830472237
2025,Australian Grand Prix,HUL,Kick Sauber,17.0,76.579,1.48299999999999,104.74016666666668,94.903,6.0,5,7,77.926333333,77.772,3.0,96.9850833325,96.95150000000001,18.0,77.926333333,77.772,3.0,0.85,1.103654959976678,1.001984433125032,0.10365495997667803
2025,Australian Grand Prix,LAW,Red Bull Racing,18.0,77.094,1.9979999999999905,101.7525238095238,93.9895,5.0,5,15,78.3374,78.253,5.0,96.9850833325,96.95150000000001,18.0,78.3374,78.253,5.0,0.9,1.0825945856667372,1.0010785528989303,0.0825945856667371
2025,Australian Grand Prix,OCO,Haas F1 Team,19.0,77.147,2.051000000000002,103.84869811320756,94.582,6.0,5,13,78.618833333,78.448,6.0,96.9850833325,96.95150000000001,18.0,78.618833333,78.448,6.0,0.95,1.097975281905728,1.002177663331124,0.09797528190572803
2025,Australian Grand Prix,BEA,Haas F1 Team,20.0,86.987,1.0050000000000097,103.8700754716981,94.505,6.0,6,14,88.4846,88.666,5.0,96.9850833325,96.95150000000001,18.0,88.60249999999999,88.676,7.0,1.0,1.0990960845637596,1.0,0.09909608456375965
2025,Chinese Grand Prix,PIA,McLaren,1.0,90.641,0.0,97.41117857142856,96.9125,2.0,1,1,88.4846,88.666,5.0,97.118388888,97.004,18.0,97.118388888,97.004,18.0,0.05,1.0051456579020102,1.0011792182590409,0.005145657902010269
2025,Chinese Grand Prix,RUS,Mercedes,2.0,90.723,0.0819999999999936,97.60933928571428,97.0785,2.0,1,3,88.4846,88.666,5.0,97.311722222,97.3825,18.0,97.311722222,97.3825,18.0,0.1,1.0054681447046903,0.999273198182425,0.005468144704690319
2025,Chinese Grand Prix,NOR,McLaren,3.0,90.793,0.152000000000001,97.58525,97.0515,2.0,1,2,88.4846,88.666,5.0,97.816666666,97.8755,18.0,97.816666666,97.8755,18.0,0.15,1.0054996573983916,0.999398896209981,0.005499657398391552
2025,Chinese Grand Prix,VER,Red Bull Racing,4.0,90.817,0.1759999999999877,97.70860714285712,97.226,2.0,1,4,88.4846,88.666,5.0,97.353611111,97.1445,18.0,97.353611111,97.1445,18.0,0.2,1.0049637663058968,1.002152577974049,0.004963766305896774
2025,Chinese Grand Prix,HAM,Ferrari,5.0,90.927,0.2860000000000013,97.86441071428573,97.4285,3.0,2,19,88.4846,88.666,5.0,96.851777777,96.899,18.0,96.851777777,96.899,18.0,0.25,1.0044741601716718,0.999512665528024,0.004474160171671795
2025,Chinese Grand Prix,LEC,Ferrari,6.0,91.021,0.3799999999999954,97.82566071428572,97.198,2.0,1,18,88.4846,88.666,5.0,97.325666666,97.2915,18.0,97.325666666,97.2915,18.0,0.3,1.0064575476273763,1.0003511783249308,0.00645754762737633
2025,Chinese Grand Prix,HAD,Racing Bulls,7.0,91.079,0.4379999999999882,98.81966071428572,98.018,3.0,2,11,88.4846,88.666,5.0,98.689,98.56,18.0,98.689,98.56,18.0,0.35,1.0081787091583763,1.0013088474025973,0.008178709158376185
2025,Chinese Grand Prix,ANT,Mercedes,8.0,91.103,0.4619999999999891,98.3709642857143,97.859,2.0,1,6,88.4846,88.666,5.0,97.861555555,98.0055,18.0,97.861555555,98.0055,18.0,0.4,1.0052316525379812,0.9985312615618511,0.005231652537981169
2025,Chinese Grand Prix,TSU,Racing Bulls,9.0,91.638,0.997,99.60976363636364,97.922,4.0,3,16,88.4846,88.666,5.0,97.839222222,97.908,18.0,97.839222222,97.908,18.0,0.45,1.0172357962088565,0.9992975264738326,0.01723579620885645
2025,Chinese Grand Prix,ALB,Williams,10.0,91.706,1.0649999999999975,98.4169107142857,97.7985,2.0,1,7,88.4846,88.666,5.0,98.649944444,98.309,18.0,98.649944444,98.309,18.0,0.5,1.0063233149208393,1.0034680898391806,0.006323314920839293
2025,Chinese Grand Prix,OCO,Haas F1 Team,11.0,91.625,0.9839999999999948,98.30348214285712,97.8565,2.0,1,5,88.4846,88.666,5.0,98.878722222,99.0255,18.0,98.878722222,99.0255,18.0,0.55,1.004567730736917,0.9985177779662814,0.004567730736917054
2025,Chinese Grand Prix,HUL,Kick Sauber,12.0,91.632,0.9909999999999995,99.55003636363637,98.736,2.0,1,15,88.4846,88.666,5.0,98.882705882,99.068,17.0,98.882705882,99.068,17.0,0.6,1.0082445750651876,0.9981296269431098,0.008244575065187587
2025,Chinese Grand Prix,ALO,Aston Martin,13.0,91.688,1.046999999999997,111.3935,102.676,1.0,0,17,88.4846,88.666,5.0,98.605222222,98.2125,18.0,98.605222222,98.2125,18.0,0.65,1.0849029958315477,1.003998698963981,0.08490299583154778
2025,Chinese Grand Prix,STR,Aston Martin,14.0,91.773,1.1319999999999908,98.6648214285714,98.596,2.0,1,9,88.4846,88.666,5.0,97.932111111,97.691,18.0,97.932111111,97.691,18.0,0.7,1.0006980144080022,1.002468099528104,0.0006980144080023209
2025,Chinese Grand Prix,SAI,Williams,15.0,91.84,1.198999999999998,98.77523214285712,98.113,2.0,1,10,88.4846,88.666,5.0,97.8858125,97.8225,16.0,97.8858125,97.8225,16.0,0.75,1.0067496880419222,1.0006472181757775,0.006749688041922285
2025,Chinese Grand Prix,GAS,Alpine,16.0,91.992,1.350999999999999,98.61108928571429,98.121,2.0,1,20,88.4846,88.666,5.0,98.587333333,98.756,18.0,98.587333333,98.756,18.0,0.8,1.0049947440987586,0.9982920868909231,0.004994744098758581
2025,Chinese Grand Prix,BEA,Haas F1 Team,17.0,92.018,1.3769999999999951,98.505875,97.965,2.0,1,8,88.4846,88.666,5.0,98.973888888,98.365,18.0,98.973888888,98.365,18.0,0.85,1.0055211044760883,1.006190096965384,0.005521104476088397
2025,Chinese Grand Prix,DOO,Alpine,18.0,92.092,1.4509999999999934,98.81119642857142,98.3275,2.0,1,13,88.4846,88.666,5.0,98.889235294,98.609,17.0,98.889235294,98.609,17.0,0.9,1.0049192385504708,1.0028418835400421,0.004919238550470827
2025,Chinese Grand Prix,BOR,Kick Sauber,19.0,92.141,1.5,99.37785454545455,98.59,3.0,2,14,88.4846,88.666,5.0,98.833705882,98.949,17.0,98.833705882,98.949,17.0,0.95,1.007991221680237,0.9988348127014928,0.007991221680236842
2025,Chinese Grand Prix,LAW,Red Bull Racing,20.0,92.174,1.5330000000000013,98.86023214285714,97.743,3.0,3,12,88.4846,88.666,5.0,98.746166666,98.5755,18.0,98.746166666,98.5755,18.0,1.0,1.0114303033757623,1.0017313294479864,0.011430303375762438
2025,Japanese Grand Prix,VER,Red Bull Racing,1.0,86.983,0.0,92.9619433962264,92.448,2.0,1,1,88.67,88.67,1.0,96.9850833325,96.95150000000001,18.0,88.67,88.67,1.0,0.05,1.0055592700353324,1.0,0.005559270035332396
2025,Japanese Grand Prix,NOR,McLaren,2.0,86.995,0.0120000000000004,92.98879245283018,92.238,2.0,1,2,88.197,88.197,2.0,96.9850833325,96.95150000000001,18.0,88.197,88.197,2.0,0.1,1.008139730402114,1.0,0.00813973040211391
2025,Japanese Grand Prix,PIA,McLaren,3.0,87.027,0.0439999999999969,93.00211320754715,92.386,2.0,1,3,89.38475,89.37,4.0,96.9850833325,96.95150000000001,18.0,89.38475,89.37,4.0,0.15,1.006668902296313,1.0001650441982768,0.006668902296312845
2025,Japanese Grand Prix,LEC,Ferrari,4.0,87.299,0.3160000000000025,93.2656603773585,92.503,2.0,1,4,89.67825,89.4125,4.0,96.9850833325,96.95150000000001,18.0,89.67825,89.4125,4.0,0.2,1.0082447096565355,1.002972179505103,0.008244709656535468
2025,Japanese Grand Prix,RUS,Mercedes,5.0,87.318,0.3349999999999937,93.2895283018868,92.488,2.0,1,5,91.27,92.607,5.0,96.9850833325,96.95150000000001,18.0,91.27,92.607,5.0,0.25,1.0086662951073306,0.985562646452212,0.008666295107330732
2025,Japanese Grand Prix,ANT,Mercedes,6.0,87.555,0.5720000000000027,93.31422641509432,93.147,2.0,1,6,91.9795,92.269,4.0,96.9850833325,96.95150000000001,18.0,91.9795,92.269,4.0,0.3,1.0017952957700658,0.9968624348372692,0.0017952957700658016
2025,Japanese Grand Prix,HAD,Racing Bulls,7.0,87.569,0.5859999999999985,93.66258490566038,93.637,2.0,1,8,91.5755,92.0125,4.0,96.9850833325,96.95150000000001,18.0,91.5755,92.0125,4.0,0.35,1.0002732349996304,0.9952506452927592,0.00027323499963028227
2025,Japanese Grand Prix,HAM,Ferrari,8.0,87.61,0.6269999999999953,93.51254716981131,93.215,2.0,1,7,91.6186,92.927,5.0,96.9850833325,96.95150000000001,18.0,91.6186,92.927,5.0,0.4,1.0031920524573439,0.9859201308554025,0.003192052457343879
2025,Japanese Grand Prix,ALB,Williams,9.0,87.615,0.6319999999999908,93.72358490566036,93.693,2.0,1,9,90.2065,90.2065,2.0,96.9850833325,96.95150000000001,18.0,90.2065,90.2065,2.0,0.45,1.0003264374676908,1.0,0.00032643746769088386
2025,Japanese Grand Prix,BEA,Haas F1 Team,10.0,87.867,0.8840000000000003,93.99079245283018,93.375,2.0,1,10,90.434,90.355,3.0,96.9850833325,96.95150000000001,18.0,90.434,90.355,3.0,0.5,1.0065948321588238,1.0008743290354711,0.006594832158823858
2025,Japanese Grand Prix,GAS,Alpine,11.0,87.822,0.8389999999999986,94.13405660377356,93.169,2.0,1,13,89.786,89.182,3.0,96.9850833325,96.95150000000001,18.0,89.786,89.182,3.0,0.55,1.0103581298905597,1.0067726671301385,0.010358129890559752
2025,Japanese Grand Prix,SAI,Williams,12.0,87.836,0.8529999999999944,94.36060377358493,94.427,2.0,1,14,89.1025,89.1025,2.0,96.9850833325,96.95150000000001,18.0,89.1025,89.1025,2.0,0.6,0.9992968512563665,1.0,0.0007031487436334914
2025,Japanese Grand Prix,ALO,Aston Martin,13.0,87.897,0.9140000000000016,94.04369811320755,93.018,2.0,1,11,89.978,89.978,1.0,96.9850833325,96.95150000000001,18.0,89.978,89.978,1.0,0.65,1.0110268777355733,1.0,0.011026877735573263
2025,Japanese Grand Prix,LAW,Racing Bulls,14.0,87.906,0.9230000000000018,94.52296226415092,94.342,2.0,1,17,91.8125,92.209,4.0,96.9850833325,96.95150000000001,18.0,91.8125,92.209,4.0,0.7,1.001918151662578,0.995699985901593,0.0019181516625778631
2025,Japanese Grand Prix,TSU,Red Bull Racing,15.0,88.0,1.016999999999996,94.06384905660376,93.125,2.0,1,12,90.625,90.625,1.0,96.9850833325,96.95150000000001,18.0,90.625,90.625,1.0,0.75,1.0100816006078255,1.0,0.010081600607825585
2025,Japanese Grand Prix,HUL,Kick Sauber,16.0,88.57,1.586999999999989,94.50830188679242,93.529,2.0,1,16,91.40725,91.522,4.0,96.9850833325,96.95150000000001,18.0,91.40725,91.522,4.0,0.8,1.0104705694147529,0.9987462030987085,0.010470569414752938
2025,Japanese Grand Prix,BOR,Kick Sauber,17.0,88.622,1.6389999999999958,94.54490566037737,94.204,2.0,1,19,91.789,92.152,4.0,96.9850833325,96.95150000000001,18.0,91.789,92.152,4.0,0.85,1.0036188023903165,0.9960608559770814,0.003618802390316478
2025,Japanese Grand Prix,OCO,Haas F1 Team,18.0,88.696,1.712999999999994,94.53624528301884,94.208,2.0,1,18,91.37825,91.7215,4.0,96.9850833325,96.95150000000001,18.0,91.37825,91.7215,4.0,0.9,1.0034842612412835,0.9962576931253848,0.0034842612412835927
2025,Japanese Grand Prix,DOO,Alpine,19.0,88.877,1.8939999999999912,94.49616981132075,93.484,2.0,1,15,91.659,91.659,1.0,96.9850833325,96.95150000000001,18.0,91.659,91.659,1.0,0.95,1.0108271983582298,1.0,0.010827198358229859
2025,Japanese Grand Prix,STR,Aston Martin,20.0,89.271,2.2879999999999967,94.99830769230766,94.1215,3.0,2,20,92.57275,92.9465,4.0,96.9850833325,96.95150000000001,18.0,92.57275,92.9465,4.0,1.0,1.009315700369285,0.9959788695647496,0.009315700369285073
2025,Bahrain Grand Prix,PIA,McLaren,1.0,89.841,0.0,99.524375,97.6065,3.0,2,1,94.234666666,94.69,6.0,96.9850833325,96.95150000000001,18.0,94.234666666,94.69,6.0,0.05,1.0196490500120383,0.9951913260745591,0.01964905001203823
2025,Bahrain Grand Prix,RUS,Mercedes,2.0,90.009,0.1680000000000063,99.94875,97.8865,3.0,2,2,91.84,91.945,3.0,96.9850833325,96.95150000000001,18.0,91.84,91.945,3.0,0.1,1.0210677672610626,0.9988580129425201,0.021067767261062617
2025,Bahrain Grand Prix,LEC,Ferrari,3.0,90.175,0.3340000000000032,100.01864285714284,97.7875,3.0,2,4,92.1056,91.729,5.0,96.9850833325,96.95150000000001,18.0,92.1056,91.729,5.0,0.15,1.0228162378334944,1.0041055718475074,0.02281623783349449
2025,Bahrain Grand Prix,ANT,Mercedes,4.0,90.213,0.3719999999999999,100.64744642857144,98.638,4.0,3,11,91.939333333,92.293,3.0,96.9850833325,96.95150000000001,18.0,91.939333333,92.293,3.0,0.2,1.020371929971932,0.9961680011810212,0.02037192997193208
2025,Bahrain Grand Prix,GAS,Alpine,5.0,90.216,0.375,101.32345614035088,98.312,3.0,2,7,92.7494,92.699,5.0,96.9850833325,96.95150000000001,18.0,92.7494,92.699,5.0,0.25,1.0306316232031785,1.0005436951854927,0.030631623203178526
2025,Bahrain Grand Prix,NOR,McLaren,6.0,90.267,0.4260000000000019,99.984,97.8885,3.0,2,3,93.349333333,92.876,3.0,96.9850833325,96.95150000000001,18.0,93.349333333,92.876,3.0,0.3,1.0214070089949279,1.005096400932426,0.021407008994927916
2025,Bahrain Grand Prix,VER,Red Bull Racing,7.0,90.423,0.5820000000000078,101.29526315789474,98.408,3.0,2,6,91.853,91.853,2.0,96.9850833325,96.95150000000001,18.0,91.853,91.853,2.0,0.35,1.029339719920075,1.0,0.029339719920074957
2025,Bahrain Grand Prix,SAI,Williams,8.0,90.68,0.8390000000000128,102.38295454545457,99.258,4.0,3,19,93.794,93.778,5.0,96.9850833325,96.95150000000001,18.0,93.794,93.778,5.0,0.4,1.0314831504307418,1.0001706157094414,0.03148315043074182
2025,Bahrain Grand Prix,HAM,Ferrari,9.0,90.772,0.9310000000000116,100.27203571428572,98.027,3.0,2,5,91.882666666,91.915,3.0,96.9850833325,96.95150000000001,18.0,91.882666666,91.915,3.0,0.45,1.022902217902065,0.9996482257085351,0.022902217902064943
2025,Bahrain Grand Prix,TSU,Red Bull Racing,10.0,91.303,1.4620000000000033,100.58903571428571,98.6005,3.0,2,9,92.909333333,93.012,3.0,96.9850833325,96.95150000000001,18.0,92.909333333,93.012,3.0,0.5,1.020167602743249,0.9988961997699223,0.020167602743248945
2025,Bahrain Grand Prix,DOO,Alpine,11.0,91.245,1.4040000000000106,101.61826315789472,98.811,3.0,2,14,93.0028,93.226,5.0,96.9850833325,96.95150000000001,18.0,93.0028,93.226,5.0,0.55,1.0284104316107996,0.9976058181194087,0.0284104316107995
2025,Bahrain Grand Prix,HAD,Racing Bulls,12.0,91.271,1.4300000000000068,101.67980701754388,98.893,3.0,2,13,92.506666666,92.768,3.0,96.9850833325,96.95150000000001,18.0,92.506666666,92.768,3.0,0.6,1.0281800230303852,0.9971829366376337,0.02818002303038515
2025,Bahrain Grand Prix,ALO,Aston Martin,13.0,91.886,2.0450000000000017,100.85835714285714,98.7545,3.0,2,15,94.5515,94.794,4.0,96.9850833325,96.95150000000001,18.0,94.5515,94.794,4.0,0.65,1.0213039116481493,0.9974418212123131,0.021303911648149217
2025,Bahrain Grand Prix,OCO,Haas F1 Team,14.0,91.594,1.753,101.46805263157894,98.425,3.0,2,8,92.8986,93.069,5.0,96.9850833325,96.95150000000001,18.0,92.8986,93.069,5.0,0.7,1.0309174765717952,0.9981691003449054,0.030917476571795225
2025,Bahrain Grand Prix,ALB,Williams,15.0,92.04,2.1990000000000123,100.66335714285717,98.703,3.0,2,12,92.715333333,93.0,3.0,96.9850833325,96.95150000000001,18.0,92.715333333,93.0,3.0,0.75,1.0198611708140295,0.9969390680967742,0.01986117081402959
2025,Bahrain Grand Prix,HUL,Kick Sauber,16.0,92.067,2.225999999999999,101.62994736842106,99.247,3.0,2,20,93.181,93.2085,4.0,96.9850833325,96.95150000000001,18.0,93.181,93.2085,4.0,0.8,1.024010271025029,0.9997049625302413,0.024010271025029038
2025,Bahrain Grand Prix,LAW,Racing Bulls,17.0,92.165,2.3240000000000123,100.65635714285712,99.088,3.0,2,16,92.720666666,93.171,3.0,96.9850833325,96.95150000000001,18.0,92.720666666,93.171,3.0,0.85,1.0158279220779218,0.9951665933176631,0.01582792207792189
2025,Bahrain Grand Prix,BOR,Kick Sauber,18.0,92.186,2.345000000000013,100.97157142857142,99.339,3.0,2,18,93.004666666,93.605,3.0,96.9850833325,96.95150000000001,18.0,93.004666666,93.605,3.0,0.9,1.0164343453082014,0.9935865249292238,0.016434345308201453
2025,Bahrain Grand Prix,STR,Aston Martin,19.0,92.283,2.4420000000000077,100.93399999999998,99.262,3.0,2,17,93.2288,93.413,5.0,96.9850833325,96.95150000000001,18.0,93.2288,93.413,5.0,0.95,1.0168443110152927,0.9980281117189257,0.016844311015292688
2025,Bahrain Grand Prix,BEA,Haas F1 Team,20.0,92.373,2.5320000000000107,101.5268245614035,98.77,3.0,2,10,93.74525,94.1585,4.0,96.9850833325,96.95150000000001,18.0,93.74525,94.1585,4.0,1.0,1.0279115577746634,0.995611123796577,0.02791155777466341
2025,Saudi Arabian Grand Prix,VER,Red Bull Racing,1.0,87.294,0.0,94.35722916666668,93.073,2.0,1,2,89.347666666,89.6,3.0,96.9850833325,96.95150000000001,18.0,89.347666666,89.6,3.0,0.05,1.0137980850157047,0.9971837797544643,0.013798085015704781
2025,Saudi Arabian Grand Prix,PIA,McLaren,2.0,87.304,0.0100000000000051,94.32264583333333,93.0395,2.0,1,1,91.61575,92.0405,8.0,96.9850833325,96.95150000000001,18.0,91.61575,92.0405,8.0,0.1,1.0137914093834697,0.9953851836963077,0.013791409383469618
2025,Saudi Arabian Grand Prix,RUS,Mercedes,3.0,87.407,0.1129999999999995,94.93283333333332,93.8975,2.0,1,5,89.34,89.34,2.0,96.9850833325,96.95150000000001,18.0,89.34,89.34,2.0,0.15,1.0110262076555108,1.0,0.011026207655510815
2025,Saudi Arabian Grand Prix,LEC,Ferrari,4.0,87.67,0.3760000000000048,94.54710416666668,93.5605,2.0,1,3,89.076,89.002,3.0,96.9850833325,96.95150000000001,18.0,89.076,89.002,3.0,0.2,1.0105450929256115,1.0008314419900677,0.010545092925611559
2025,Saudi Arabian Grand Prix,ANT,Mercedes,5.0,87.866,0.5720000000000027,95.12464583333332,93.8045,2.0,1,6,90.0078,89.689,5.0,96.9850833325,96.95150000000001,18.0,90.0078,89.689,5.0,0.25,1.0140733742340007,1.003554505011763,0.014073374234000645
2025,Saudi Arabian Grand Prix,SAI,Williams,6.0,88.164,0.8700000000000045,95.82191666666668,94.6365,2.0,1,8,91.107166666,90.336,6.0,96.9850833325,96.95150000000001,18.0,91.107166666,90.336,6.0,0.3,1.0125259986016673,1.008536648357244,0.01252599860166725
2025,Saudi Arabian Grand Prix,HAM,Ferrari,7.0,88.201,0.9069999999999964,95.27227083333334,93.9565,2.0,1,7,89.9576,89.62,5.0,96.9850833325,96.95150000000001,18.0,89.9576,89.62,5.0,0.35,1.0140040426509431,1.0037670162910064,0.014004042650943061
2025,Saudi Arabian Grand Prix,TSU,Red Bull Racing,8.0,88.204,0.9099999999999966,165.662,165.662,1.0,0,19,89.5705,89.522,4.0,96.9850833325,96.95150000000001,18.0,89.5705,89.522,4.0,0.4,1.0,1.0005417662697436,0.0
2025,Saudi Arabian Grand Prix,GAS,Alpine,9.0,88.367,1.0730000000000075,95.81198245614036,92.7505,1.0,0,20,91.2664,90.296,5.0,96.9850833325,96.95150000000001,18.0,91.2664,90.296,5.0,0.45,1.0330077191620568,1.0107468769380703,0.033007719162056845
2025,Saudi Arabian Grand Prix,NOR,McLaren,10.0,87.481,0.1869999999999976,94.71422916666668,93.5205,2.0,1,4,89.0768,89.272,5.0,96.9850833325,96.95150000000001,18.0,89.0768,89.272,5.0,0.5,1.012764358260132,0.9978134241419482,0.012764358260132112
2025,Saudi Arabian Grand Prix,ALB,Williams,11.0,88.109,0.8149999999999977,95.92666666666668,94.496,2.0,1,9,90.0955,89.9575,4.0,96.9850833325,96.95150000000001,18.0,90.0955,89.9575,4.0,0.55,1.0151399706513151,1.001534057749493,0.015139970651315204
2025,Saudi Arabian Grand Prix,LAW,Racing Bulls,12.0,88.191,0.8970000000000056,96.06504166666669,94.7985,2.0,1,12,90.2502,90.253,5.0,96.9850833325,96.95150000000001,18.0,90.2502,90.253,5.0,0.6,1.0133603555611816,0.9999689761005175,0.013360355561181694
2025,Saudi Arabian Grand Prix,ALO,Aston Martin,13.0,88.303,1.0090000000000003,96.13520833333332,94.7595,2.0,1,11,90.2435,90.144,4.0,96.9850833325,96.95150000000001,18.0,90.2435,90.144,4.0,0.65,1.0145178935445345,1.0011037894923678,0.014517893544534546
2025,Saudi Arabian Grand Prix,HAD,Racing Bulls,14.0,88.418,1.1240000000000094,96.00102083333331,94.9175,2.0,1,10,89.88775,89.655,4.0,96.9850833325,96.95150000000001,18.0,89.88775,89.655,4.0,0.7,1.0114153958261998,1.002596062684736,0.011415395826199699
2025,Saudi Arabian Grand Prix,BEA,Haas F1 Team,15.0,88.648,1.3539999999999992,96.305375,94.751,2.0,1,13,90.3814,90.436,5.0,96.9850833325,96.95150000000001,18.0,90.3814,90.436,5.0,0.75,1.0164048400544585,0.9993962581272944,0.016404840054458456
2025,Saudi Arabian Grand Prix,STR,Aston Martin,16.0,88.645,1.350999999999999,96.8071489361702,95.642,2.0,1,16,90.53725,90.5275,4.0,96.9850833325,96.95150000000001,18.0,90.53725,90.5275,4.0,0.8,1.012182398278687,1.0001077020794786,0.012182398278687164
2025,Saudi Arabian Grand Prix,DOO,Alpine,17.0,88.739,1.4450000000000074,97.13621276595744,95.928,3.0,2,17,90.24375,90.1015,4.0,96.9850833325,96.95150000000001,18.0,90.24375,90.1015,4.0,0.85,1.0125949958923093,1.0015787750481402,0.012594995892309243
2025,Saudi Arabian Grand Prix,HUL,Kick Sauber,18.0,88.782,1.4879999999999995,96.80902127659576,95.524,2.0,1,15,90.21225,90.054,4.0,96.9850833325,96.95150000000001,18.0,90.21225,90.054,4.0,0.9,1.013452339481133,1.0017572789659537,0.013452339481133082
2025,Saudi Arabian Grand Prix,OCO,Haas F1 Team,19.0,89.092,1.7980000000000018,96.80141666666668,95.612,2.0,1,14,90.9976,91.456,5.0,96.9850833325,96.95150000000001,18.0,90.9976,91.456,5.0,0.95,1.0124400354209375,0.9949877536738979,0.01244003542093762
2025,Saudi Arabian Grand Prix,BOR,Kick Sauber,20.0,89.462,2.1680000000000064,97.15089361702128,96.004,2.0,1,18,88.4846,88.666,5.0,96.9850833325,96.95150000000001,18.0,89.462,89.462,89.462,1.0,1.0119463107476905,1.0,0.011946310747690482
2025,Miami Grand Prix,VER,Red Bull Racing,1.0,86.204,0.0,94.23759649122806,92.096,2.0,1,4,88.4846,88.666,5.0,101.403888888,101.305,9.0,101.403888888,101.305,9.0,0.05,1.023253957731368,1.0009761501209218,0.02325395773136789
2025,Miami Grand Prix,NOR,McLaren,2.0,86.269,0.0650000000000119,93.61784210526316,91.478,2.0,1,2,88.4846,88.666,5.0,101.0951,101.0515,10.0,101.0951,101.0515,10.0,0.1,1.0233918767929246,1.000431463164822,0.023391876792924753
2025,Miami Grand Prix,ANT,Mercedes,3.0,86.271,0.0670000000000072,94.51033333333334,92.5,2.0,1,6,88.4846,88.666,5.0,101.85625,102.046,8.0,101.85625,102.046,8.0,0.15,1.0217333333333334,0.9981405444603414,0.021733333333333354
2025,Miami Grand Prix,PIA,McLaren,4.0,86.375,0.1710000000000064,93.53661403508772,91.465,2.0,1,1,88.4846,88.666,5.0,101.089,100.86,9.0,101.089,100.86,9.0,0.2,1.022649254196553,1.0022704739242514,0.022649254196552993
2025,Miami Grand Prix,RUS,Mercedes,5.0,86.385,0.1810000000000116,94.1970350877193,92.356,2.0,1,3,88.4846,88.666,5.0,101.737714285,101.579,7.0,101.737714285,101.579,7.0,0.25,1.0199341145969867,1.0015624714261806,0.01993411459698672
2025,Miami Grand Prix,SAI,Williams,6.0,86.569,0.3650000000000091,94.59936842105265,92.521,2.0,1,9,88.4846,88.666,5.0,102.78,102.758,3.0,102.78,102.758,3.0,0.3,1.0224637479172582,1.0002140952529244,0.022463747917258185
2025,Miami Grand Prix,ALB,Williams,7.0,86.682,0.4780000000000086,94.3798947368421,92.39,2.0,1,5,88.4846,88.666,5.0,102.326571428,102.392,7.0,102.326571428,102.392,7.0,0.35,1.0215379882762432,0.9993609991796234,0.021537988276243137
2025,Miami Grand Prix,LEC,Ferrari,8.0,86.754,0.5500000000000114,94.5372456140351,92.509,2.0,1,7,88.4846,88.666,5.0,96.9850833325,96.95150000000001,18.0,86.754,86.754,86.754,0.4,1.0219248463828936,1.0,0.02192484638289356
2025,Miami Grand Prix,OCO,Haas F1 Team,9.0,86.824,0.6200000000000045,94.9753157894737,92.099,1.0,1,12,88.4846,88.666,5.0,102.76125,102.758,4.0,102.76125,102.758,4.0,0.45,1.0312306951158394,1.0000316277078185,0.031230695115839407
2025,Miami Grand Prix,TSU,Red Bull Racing,10.0,86.943,0.7390000000000043,94.7547543859649,92.673,2.0,1,10,88.4846,88.666,5.0,101.2608,102.898,5.0,101.2608,102.898,5.0,0.5,1.0224634401170234,0.984089097941651,0.022463440117023288
2025,Miami Grand Prix,HAD,Racing Bulls,11.0,86.987,0.7830000000000013,94.84542105263158,91.902,1.0,1,11,88.4846,88.666,5.0,102.65825,102.724,4.0,102.65825,102.724,4.0,0.55,1.0320278236886202,0.9993599353607725,0.03202782368862025
2025,Miami Grand Prix,HAM,Ferrari,12.0,87.006,0.8020000000000067,94.59250877192984,92.503,2.0,1,8,88.4846,88.666,5.0,101.072625,101.874,8.0,101.072625,101.874,8.0,0.6,1.0225885514191955,0.9921336651157313,0.02258855141919552
2025,Miami Grand Prix,BOR,Kick Sauber,13.0,87.151,0.9470000000000028,98.1153,93.554,1.0,1,18,88.4846,88.666,5.0,102.989,102.989,1.0,102.989,102.989,1.0,0.65,1.0487557987900036,1.0,0.04875579879000366
2025,Miami Grand Prix,DOO,Alpine,14.0,87.186,0.9820000000000136,95.81198245614036,92.7505,1.0,0,20,88.4846,88.666,5.0,103.0865,103.0865,2.0,103.0865,103.0865,2.0,0.7,1.0330077191620568,1.0,0.033007719162056845
2025,Miami Grand Prix,LAW,Racing Bulls,15.0,87.363,1.159000000000006,98.51419444444444,94.4405,2.0,1,17,88.4846,88.666,5.0,102.39,102.455,5.0,102.39,102.455,5.0,0.75,1.0431350368162435,0.9993655751305451,0.04313503681624348
2025,Miami Grand Prix,HUL,Kick Sauber,16.0,87.473,1.2690000000000057,95.22753571428572,93.269,2.0,1,14,88.4846,88.666,5.0,102.937,102.937,2.0,102.937,102.937,2.0,0.8,1.0209987853872746,1.0,0.020998785387274618
2025,Miami Grand Prix,ALO,Aston Martin,17.0,87.604,1.4000000000000057,95.58153571428572,93.1745,2.0,1,15,88.4846,88.666,5.0,102.306833333,102.296,6.0,102.306833333,102.296,6.0,0.85,1.0258336316726757,1.0001059018241183,0.025833631672675748
2025,Miami Grand Prix,GAS,Alpine,18.0,87.71,1.5060000000000002,95.12336842105262,92.874,2.0,2,13,88.4846,88.666,5.0,102.703,102.703,2.0,102.703,102.703,2.0,0.9,1.0242195708277086,1.0,0.02421957082770875
2025,Miami Grand Prix,STR,Aston Martin,19.0,87.83,1.6260000000000048,95.65623214285714,93.0115,1.0,1,16,88.4846,88.666,5.0,101.491,102.493,5.0,101.491,102.493,5.0,0.95,1.0284344639410947,0.9902237225956895,0.02843446394109478
2025,Miami Grand Prix,BEA,Haas F1 Team,20.0,87.999,1.7950000000000017,95.95455555555554,93.626,1.0,0,19,88.4846,88.666,5.0,102.8014,102.949,5.0,102.8014,102.949,5.0,1.0,1.0248708217328044,0.9985662803912617,0.02487082173280434
2025,Monaco Grand Prix,NOR,McLaren,1.0,69.954,0.0,77.35696153846155,75.3965,3.0,2,1,73.759857142,73.8405,14.0,96.9850833325,96.95150000000001,18.0,73.759857142,73.8405,14.0,0.05,1.0260020231504319,0.9989078776823016,0.02600202315043197
2025,Monaco Grand Prix,LEC,Ferrari,2.0,70.063,0.1090000000000088,77.39710256410254,75.424,3.0,2,2,73.213538461,73.901,13.0,96.9850833325,96.95150000000001,18.0,73.213538461,73.901,13.0,0.1,1.026160142184219,0.9906975340117185,0.02616014218421898
2025,Monaco Grand Prix,PIA,McLaren,3.0,70.129,0.1750000000000113,77.40385897435898,75.328,3.0,2,3,72.6696,72.3375,10.0,96.9850833325,96.95150000000001,18.0,72.6696,72.3375,10.0,0.15,1.0275576010827179,1.0045909797822705,0.027557601082717972
2025,Monaco Grand Prix,HAM,Ferrari,4.0,70.382,0.4280000000000115,78.01576923076924,75.93950000000001,3.0,2,5,73.85075,74.4055,12.0,96.9850833325,96.95150000000001,18.0,73.85075,74.4055,12.0,0.2,1.0273410969359718,0.9925442339611992,0.027341096935971757
2025,Monaco Grand Prix,VER,Red Bull Racing,5.0,70.669,0.7150000000000034,77.62070512820515,75.41550000000001,3.0,2,4,73.68375,73.4215,8.0,96.9850833325,96.95150000000001,18.0,73.68375,73.4215,8.0,0.25,1.0292407413357352,1.0035718420353712,0.02924074133573518
2025,Monaco Grand Prix,HAD,Racing Bulls,6.0,70.923,0.9690000000000084,79.20681818181818,77.451,3.0,2,6,72.727,72.736,7.0,96.9850833325,96.95150000000001,18.0,72.727,72.736,7.0,0.3,1.0226700517981457,0.9998762648482182,0.022670051798145734
2025,Monaco Grand Prix,ALO,Aston Martin,7.0,70.924,0.9700000000000132,80.75283333333333,77.40799999999999,2.0,1,19,73.958571428,73.627,7.0,96.9850833325,96.95150000000001,18.0,73.958571428,73.627,7.0,0.35,1.0432104347526527,1.004503394515599,0.04321043475265272
2025,Monaco Grand Prix,OCO,Haas F1 Team,8.0,70.942,0.9879999999999995,79.21911688311688,77.467,3.0,2,7,74.1915,73.9475,8.0,96.9850833325,96.95150000000001,18.0,74.1915,73.9475,8.0,0.4,1.0226175904981074,1.0032996382568715,0.02261759049810737
2025,Monaco Grand Prix,LAW,Racing Bulls,9.0,71.129,1.1750000000000114,79.22842857142857,77.04,3.0,2,8,73.9156,73.5845,10.0,96.9850833325,96.95150000000001,18.0,73.9156,73.5845,10.0,0.45,1.028406393710132,1.00449958890799,0.028406393710131872
2025,Monaco Grand Prix,ALB,Williams,10.0,71.213,1.2590000000000003,79.54884210526315,77.79050000000001,3.0,2,9,74.627,75.335,13.0,96.9850833325,96.95150000000001,18.0,74.627,75.335,13.0,0.5,1.0226035583427686,0.9906019778323488,0.02260355834276858
2025,Monaco Grand Prix,SAI,Williams,11.0,71.362,1.4080000000000013,79.59309210526315,78.6395,3.0,2,10,74.4786,74.956,10.0,96.9850833325,96.95150000000001,18.0,74.4786,74.956,10.0,0.55,1.012126121163832,0.9936309301456854,0.012126121163831854
2025,Monaco Grand Prix,TSU,Red Bull Racing,12.0,71.415,1.4610000000000127,80.33805263157895,78.928,3.0,2,17,74.595636363,75.518,11.0,96.9850833325,96.95150000000001,18.0,74.595636363,75.518,11.0,0.6,1.017865049558825,0.9877861749913928,0.017865049558825126
2025,Monaco Grand Prix,HUL,Kick Sauber,13.0,71.596,1.64200000000001,80.3340394736842,78.76400000000001,3.0,2,16,74.476384615,74.829,13.0,96.9850833325,96.95150000000001,18.0,74.476384615,74.829,13.0,0.65,1.0199334654624472,0.9952877175293002,0.019933465462447182
2025,Monaco Grand Prix,RUS,Mercedes,14.0,71.507,1.5530000000000117,79.83798684210527,78.9305,3.0,3,11,73.90990909,73.338,11.0,96.9850833325,96.95150000000001,18.0,73.90990909,73.338,11.0,0.7,1.0114972899209465,1.007798264065014,0.011497289920946546
2025,Monaco Grand Prix,ANT,Mercedes,15.0,71.88,1.926000000000002,80.56335999999999,79.075,3.0,2,18,74.363692307,75.175,13.0,96.9850833325,96.95150000000001,18.0,74.363692307,75.175,13.0,0.75,1.018822130888397,0.9892077460192883,0.01882213088839691
2025,Monaco Grand Prix,BOR,Kick Sauber,16.0,71.902,1.9480000000000075,80.29298684210526,78.3805,4.0,3,14,74.365363636,74.75,11.0,96.9850833325,96.95150000000001,18.0,74.365363636,74.75,11.0,0.8,1.0244000337087065,0.9948543630234113,0.024400033708706463
2025,Monaco Grand Prix,BEA,Haas F1 Team,17.0,71.979,2.0250000000000057,80.11231578947367,78.4685,3.0,2,12,74.607142857,75.2345,14.0,96.9850833325,96.95150000000001,18.0,74.607142857,75.2345,14.0,0.85,1.0209487347084967,0.9916613103961613,0.02094873470849657
2025,Monaco Grand Prix,GAS,Alpine,18.0,71.994,2.0400000000000063,93.94414285714284,91.509,2.0,1,20,74.201266666,74.268,15.0,96.9850833325,96.95150000000001,18.0,74.201266666,74.268,15.0,0.9,1.0266109656661404,0.9991014523886464,0.026610965666140334
2025,Monaco Grand Prix,STR,Aston Martin,19.0,72.563,2.609000000000009,80.31892105263157,78.795,3.0,2,15,74.284818181,74.631,11.0,96.9850833325,96.95150000000001,18.0,74.284818181,74.631,11.0,0.95,1.0193403268307832,0.9953614206026987,0.01934032683078323
2025,Monaco Grand Prix,COL,Alpine,20.0,72.597,2.6430000000000007,80.14417105263159,78.594,3.0,2,13,74.93,75.331,13.0,96.9850833325,96.95150000000001,18.0,74.93,75.331,13.0,1.0,1.019723783655643,0.9946768262733802,0.019723783655642892
2025,Spanish Grand Prix,PIA,McLaren,1.0,71.546,0.0,84.50568181818181,80.2325,4.0,3,1,88.4846,88.666,5.0,96.9850833325,96.95150000000001,18.0,71.546,71.546,71.546,0.05,1.0532599858932703,1.0,0.05325998589327032
2025,Spanish Grand Prix,NOR,McLaren,2.0,71.755,0.2089999999999889,84.54312121212122,80.20949999999999,4.0,3,2,88.4846,88.666,5.0,96.9850833325,96.95150000000001,18.0,71.755,71.755,71.755,0.1,1.0540287772909847,1.0,0.05402877729098461
2025,Spanish Grand Prix,VER,Red Bull Racing,3.0,71.848,0.3019999999999925,84.68486363636364,80.0715,5.0,4,10,88.4846,88.666,5.0,96.9850833325,96.95150000000001,18.0,71.848,71.848,71.848,0.15,1.057615551555343,1.0,0.05761555155534296
2025,Spanish Grand Prix,RUS,Mercedes,4.0,71.848,0.3019999999999925,84.67778787878788,80.6055,4.0,3,4,88.4846,88.666,5.0,96.9850833325,96.95150000000001,18.0,71.848,71.848,71.848,0.2,1.0505212160310138,1.0,0.050521216031013706
2025,Spanish Grand Prix,HAM,Ferrari,5.0,72.045,0.4989999999999952,84.74065151515151,80.75399999999999,4.0,3,6,88.4846,88.666,5.0,96.9850833325,96.95150000000001,18.0,72.045,72.045,72.045,0.25,1.0493678519349074,1.0,0.049367851934907524
2025,Spanish Grand Prix,ANT,Mercedes,6.0,72.111,0.5649999999999977,82.0741886792453,81.289,3.0,2,18,88.4846,88.666,5.0,96.9850833325,96.95150000000001,18.0,72.111,72.111,72.111,0.3,1.009659224239999,1.0,0.009659224239999193
2025,Spanish Grand Prix,LEC,Ferrari,7.0,72.131,0.5849999999999937,84.6640909090909,80.3685,4.0,3,3,88.4846,88.666,5.0,96.9850833325,96.95150000000001,18.0,72.131,72.131,72.131,0.35,1.0534486883429566,1.0,0.05344868834295657
2025,Spanish Grand Prix,GAS,Alpine,8.0,72.199,0.6529999999999916,84.7766212121212,81.93799999999999,4.0,3,8,88.4846,88.666,5.0,96.9850833325,96.95150000000001,18.0,72.199,72.199,72.199,0.4,1.0346435257404527,1.0,0.03464352574045268
2025,Spanish Grand Prix,HAD,Racing Bulls,9.0,72.252,0.7059999999999889,84.7484393939394,81.34100000000001,4.0,3,7,88.4846,88.666,5.0,96.9850833325,96.95150000000001,18.0,72.252,72.252,72.252,0.45,1.0418907979240408,1.0,0.04189079792404075
2025,Spanish Grand Prix,ALO,Aston Martin,10.0,72.284,0.7379999999999995,84.83240909090908,81.72200000000001,4.0,3,9,88.4846,88.666,5.0,96.9850833325,96.95150000000001,18.0,72.284,72.284,72.284,0.5,1.0380608537591967,1.0,0.0380608537591967
2025,Spanish Grand Prix,ALB,Williams,11.0,72.641,1.0949999999999989,85.30177777777779,82.346,3.0,2,19,88.4846,88.666,5.0,96.9850833325,96.95150000000001,18.0,72.641,72.641,72.641,0.55,1.0358946127046582,1.0,0.035894612704658185
2025,Spanish Grand Prix,BOR,Kick Sauber,12.0,72.756,1.2099999999999935,84.89956060606062,81.939,3.0,2,12,88.4846,88.666,5.0,96.9850833325,96.95150000000001,18.0,72.756,72.756,72.756,0.6,1.0361312757790628,1.0,0.03613127577906278
2025,Spanish Grand Prix,LAW,Racing Bulls,13.0,72.763,1.2169999999999987,84.8925303030303,81.787,3.0,2,11,88.4846,88.666,5.0,96.9850833325,96.95150000000001,18.0,72.763,72.763,72.763,0.65,1.0379709526334293,1.0,0.03797095263342942
2025,Spanish Grand Prix,BEA,Haas F1 Team,15.0,73.315,1.7689999999999912,84.91575757575758,82.0635,4.0,3,17,88.4846,88.666,5.0,96.9850833325,96.95150000000001,18.0,73.315,73.315,73.315,0.75,1.034756713712644,1.0,0.03475671371264419
2025,Spanish Grand Prix,HUL,Kick Sauber,16.0,73.19,1.6439999999999912,84.71246969696969,81.7125,4.0,3,5,88.4846,88.666,5.0,96.9850833325,96.95150000000001,18.0,73.19,73.19,73.19,0.8,1.0367137181822816,1.0,0.0367137181822816
2025,Spanish Grand Prix,OCO,Haas F1 Team,17.0,73.201,1.654999999999987,84.99351515151514,82.3185,3.0,2,16,88.4846,88.666,5.0,96.9850833325,96.95150000000001,18.0,73.201,73.201,73.201,0.85,1.032495917096584,1.0,0.03249591709658388
2025,Spanish Grand Prix,SAI,Williams,18.0,73.203,1.6569999999999965,84.94975757575757,81.775,4.0,3,14,88.4846,88.666,5.0,96.9850833325,96.95150000000001,18.0,73.203,73.203,73.203,0.9,1.0388230825528286,1.0,0.0388230825528287
2025,Spanish Grand Prix,COL,Alpine,19.0,73.334,1.7879999999999967,84.98115151515151,82.664,4.0,3,15,88.4846,88.666,5.0,96.9850833325,96.95150000000001,18.0,73.334,73.334,73.334,0.95,1.0280309628756352,1.0,0.0280309628756352
2025,Spanish Grand Prix,TSU,Red Bull Racing,20.0,73.385,1.8389999999999984,84.94237878787878,81.6445,5.0,5,13,88.4846,88.666,5.0,96.9850833325,96.95150000000001,18.0,73.385,73.385,73.385,1.0,1.0403931530951722,1.0,0.040393153095172205
2025,Canadian Grand Prix,RUS,Mercedes,1.0,70.899,0.0,78.7526857142857,75.6745,6.0,5,1,88.4846,88.666,5.0,96.9850833325,96.95150000000001,18.0,70.899,70.899,70.899,0.05,1.0406766574511324,1.0,0.040676657451132275
2025,Canadian Grand Prix,VER,Red Bull Racing,2.0,71.059,0.1599999999999966,78.75594285714286,75.7805,6.0,5,2,88.4846,88.666,5.0,96.9850833325,96.95150000000001,18.0,71.059,71.059,71.059,0.1,1.0392639644386465,1.0,0.039263964438646506
2025,Canadian Grand Prix,PIA,McLaren,3.0,71.12,0.2210000000000036,78.78281428571428,75.7055,6.0,5,4,88.4846,88.666,5.0,96.9850833325,96.95150000000001,18.0,71.12,71.12,71.12,0.15,1.0406484903436908,1.0,0.04064849034369075
2025,Canadian Grand Prix,ANT,Mercedes,4.0,71.391,0.4920000000000044,78.76717142857142,75.642,6.0,5,3,88.4846,88.666,5.0,96.9850833325,96.95150000000001,18.0,71.391,71.391,71.391,0.2,1.0413152934688588,1.0,0.04131529346885884
2025,Canadian Grand Prix,HAM,Ferrari,5.0,71.526,0.6269999999999953,78.90572857142858,76.346,6.0,5,6,88.4846,88.666,5.0,96.9850833325,96.95150000000001,18.0,71.526,71.526,71.526,0.25,1.033527998473117,1.0,0.03352799847311685
2025,Canadian Grand Prix,ALO,Aston Martin,6.0,71.586,0.6869999999999976,78.90942857142858,76.68350000000001,7.0,6,7,88.4846,88.666,5.0,96.9850833325,96.95150000000001,18.0,71.586,71.586,71.586,0.3,1.0290274775072679,1.0,0.02902747750726777
2025,Canadian Grand Prix,NOR,McLaren,7.0,71.625,0.7259999999999991,76.32530303030302,75.6845,3.0,2,18,88.4846,88.666,5.0,96.9850833325,96.95150000000001,18.0,71.625,71.625,71.625,0.35,1.00846676704349,1.0,0.008466767043489998
2025,Canadian Grand Prix,LEC,Ferrari,8.0,71.682,0.7830000000000013,78.80185714285714,76.0745,6.0,5,5,88.4846,88.666,5.0,96.9850833325,96.95150000000001,18.0,71.682,71.682,71.682,0.4,1.0358511346490236,1.0,0.03585113464902358
2025,Canadian Grand Prix,HAD,Racing Bulls,9.0,71.867,0.9680000000000036,80.02065217391304,77.381,5.0,4,16,88.4846,88.666,5.0,96.9850833325,96.95150000000001,18.0,71.867,71.867,71.867,0.45,1.034112407101395,1.0,0.03411240710139485
2025,Canadian Grand Prix,ALB,Williams,10.0,71.907,1.0079999999999956,78.32782608695652,77.44149999999999,2.0,1,20,88.4846,88.666,5.0,96.9850833325,96.95150000000001,18.0,71.907,71.907,71.907,0.5,1.011445104846323,1.0,0.01144510484632309
2025,Canadian Grand Prix,TSU,Red Bull Racing,11.0,72.102,1.203000000000003,79.97310144927536,77.407,5.0,4,12,88.4846,88.666,5.0,96.9850833325,96.95150000000001,18.0,72.102,72.102,72.102,0.55,1.0331507673630984,1.0,0.03315076736309849
2025,Canadian Grand Prix,COL,Alpine,12.0,72.142,1.242999999999995,79.9957391304348,77.444,5.0,4,13,88.4846,88.666,5.0,96.9850833325,96.95150000000001,18.0,72.142,72.142,72.142,0.6,1.032949474851955,1.0,0.032949474851954916
2025,Canadian Grand Prix,HUL,Kick Sauber,13.0,72.183,1.284000000000006,78.97217142857143,77.13900000000001,6.0,5,8,88.4846,88.666,5.0,96.9850833325,96.95150000000001,18.0,72.183,72.183,72.183,0.65,1.0237645215594111,1.0,0.02376452155941117
2025,Canadian Grand Prix,BEA,Haas F1 Team,14.0,72.34,1.4410000000000025,79.94789855072463,77.212,5.0,4,11,88.4846,88.666,5.0,96.9850833325,96.95150000000001,18.0,72.34,72.34,72.34,0.7,1.0354335925856684,1.0,0.03543359258566838
2025,Canadian Grand Prix,OCO,Haas F1 Team,15.0,72.634,1.7349999999999994,79.9153768115942,77.284,5.0,4,9,88.4846,88.666,5.0,96.9850833325,96.95150000000001,18.0,72.634,72.634,72.634,0.75,1.0340481446559986,1.0,0.03404814465599858
2025,Canadian Grand Prix,BOR,Kick Sauber,16.0,72.385,1.4860000000000042,80.00821739130434,77.589,5.0,4,14,88.4846,88.666,5.0,96.9850833325,96.95150000000001,18.0,72.385,72.385,72.385,0.8,1.031179901678129,1.0,0.031179901678128903
2025,Canadian Grand Prix,SAI,Williams,17.0,72.398,1.4989999999999952,79.92136231884058,77.291,5.0,4,10,88.4846,88.666,5.0,96.9850833325,96.95150000000001,18.0,72.398,72.398,72.398,0.85,1.0340319353979193,1.0,0.03403193539791932
2025,Canadian Grand Prix,STR,Aston Martin,18.0,72.517,1.617999999999995,80.02537681159421,77.476,6.0,5,17,88.4846,88.666,5.0,96.9850833325,96.95150000000001,18.0,72.517,72.517,72.517,0.9,1.0329053747172572,1.0,0.032905374717257144
2025,Canadian Grand Prix,LAW,Racing Bulls,19.0,72.525,1.6260000000000048,78.42022641509436,77.728,2.0,2,19,88.4846,88.666,5.0,96.9850833325,96.95150000000001,18.0,72.525,72.525,72.525,0.95,1.0089057535906543,1.0,0.008905753590654174
2025,Canadian Grand Prix,GAS,Alpine,20.0,72.667,1.768000000000001,80.00924637681159,77.727,5.0,5,15,88.4846,88.666,5.0,96.9850833325,96.95150000000001,18.0,72.667,72.667,72.667,1.0,1.0293623371133787,1.0,0.029362337113378687
